PublicID,Date,GeoNet_M,Mw,Depth,Grade,VR,DC,NS,PredDisp_cm,Why_not,Tags,Selection
2021p001797,2021-01-01T15:57:51.559Z,4.24,4.33,46.0,D,20.7,28.7,3,0.001,"quality grade D (email requires A or B): {'min_stations': True, 'vr_floor': False, 'az_gap_ok': False} | Mw 4.33 < 5.0 and predicted displacement 0.00 cm < 1 cm",grade_D;too_small_no_disp,v3
2021p009528,2021-01-04T12:36:55.648Z,3.94,4.29,1.0,B,60.1,97.9,4,2.13,passed all publication gates,,v3
2021p011199,2021-01-05T03:26:56.049Z,3.9,4.49,38.0,D,12.2,7.2,3,0.001,"quality grade D (email requires A or B): {'min_stations': True, 'vr_floor': False, 'az_gap_ok': False} | Mw 4.49 < 5.0 and predicted displacement 0.00 cm < 1 cm",grade_D;too_small_no_disp,v3
2021p015269,2021-01-06T15:35:41.419Z,3.9,3.79,42.0,D,44.1,90.4,5,0.0,"quality grade D (email requires A or B): {'min_stations': True, 'vr_floor': False, 'az_gap_ok': True} | Mw 3.79 < 5.0 and predicted displacement 0.00 cm < 1 cm",grade_D;too_small_no_disp,v3
2021p025233,2021-01-10T08:04:25.939Z,3.89,4.29,46.0,D,21.6,88.1,3,0.001,"quality grade D (email requires A or B): {'min_stations': True, 'vr_floor': False, 'az_gap_ok': True} | Mw 4.29 < 5.0 and predicted displacement 0.00 cm < 1 cm",grade_D;too_small_no_disp,v3
2021p030895,2021-01-12T10:21:18.942Z,4.1,4.3,18.0,D,9.8,83.9,3,0.004,"quality grade D (email requires A or B): {'min_stations': True, 'vr_floor': False, 'az_gap_ok': False} | Mw 4.30 < 5.0 and predicted displacement 0.00 cm < 1 cm",grade_D;too_small_no_disp,v3
2021p031851,2021-01-12T18:50:38.099Z,3.73,4.23,5.0,D,12.6,74.8,3,0.077,"quality grade D (email requires A or B): {'min_stations': True, 'vr_floor': False, 'az_gap_ok': False} | Mw 4.23 < 5.0 and predicted displacement 0.08 cm < 1 cm",grade_D;too_small_no_disp,v3
2021p034417,2021-01-13T17:37:27.514Z,4.59,5.57,58.0,D,33.7,37.5,3,0.053,"quality grade D (email requires A or B): {'min_stations': True, 'vr_floor': False, 'az_gap_ok': False}",grade_D,v3
2021p055614,2021-01-21T13:51:19.807Z,4.98,5.66,58.0,D,14.4,19.8,3,0.077,"quality grade D (email requires A or B): {'min_stations': True, 'vr_floor': False, 'az_gap_ok': False}",grade_D,v3
2021p056197,2021-01-21T19:02:06.432Z,4.31,4.11,54.0,D,15.4,48.3,3,0.0,"quality grade D (email requires A or B): {'min_stations': True, 'vr_floor': False, 'az_gap_ok': False} | Mw 4.11 < 5.0 and predicted displacement 0.00 cm < 1 cm",grade_D;too_small_no_disp,v3
2021p064296,2021-01-24T18:57:02.152Z,4.5,4.63,3.5,B,64.7,68.2,7,0.628,Mw 4.63 < 5.0 and predicted displacement 0.63 cm < 1 cm,too_small_no_disp,v3
2021p064325,2021-01-24T19:12:34.624Z,4.91,5.04,5.0,A,70.0,74.4,8,1.265,passed all publication gates,,v3
2021p064333,2021-01-24T19:16:47.654Z,3.85,4.5,42.0,D,21.6,66.1,3,0.001,"quality grade D (email requires A or B): {'min_stations': True, 'vr_floor': False, 'az_gap_ok': True} | Mw 4.50 < 5.0 and predicted displacement 0.00 cm < 1 cm",grade_D;too_small_no_disp,v3
2021p076765,2021-01-29T09:40:29.792Z,3.83,3.58,24.0,D,2.8,90.9,3,0.0,"quality grade D (email requires A or B): {'min_stations': True, 'vr_floor': False, 'az_gap_ok': False} | Mw 3.58 < 5.0 and predicted displacement 0.00 cm < 1 cm",grade_D;too_small_no_disp,v3
2021p091211,2021-02-03T17:57:13.443Z,4.2,4.52,58.0,D,22.8,12.6,4,0.001,"quality grade D (email requires A or B): {'min_stations': True, 'vr_floor': False, 'az_gap_ok': False} | Mw 4.52 < 5.0 and predicted displacement 0.00 cm < 1 cm",grade_D;too_small_no_disp,v3
2021p135724,2021-02-20T05:15:06.371Z,4.49,4.87,58.0,D,8.6,38.9,3,0.006,"quality grade D (email requires A or B): {'min_stations': True, 'vr_floor': False, 'az_gap_ok': True} | Mw 4.87 < 5.0 and predicted displacement 0.01 cm < 1 cm",grade_D;too_small_no_disp,v3
2021p135986,2021-02-20T07:33:27.350Z,4.32,3.93,14.0,D,48.0,68.0,7,0.002,"quality grade D (email requires A or B): {'min_stations': True, 'vr_floor': False, 'az_gap_ok': True} | Mw 3.93 < 5.0 and predicted displacement 0.00 cm < 1 cm",grade_D;too_small_no_disp,v3
2021p138433,2021-02-21T05:17:20.602Z,3.72,4.46,58.0,D,18.5,78.1,3,0.001,"quality grade D (email requires A or B): {'min_stations': True, 'vr_floor': False, 'az_gap_ok': False} | Mw 4.46 < 5.0 and predicted displacement 0.00 cm < 1 cm",grade_D;too_small_no_disp,v3
2021p143707,2021-02-23T04:07:29.799Z,5.33,5.93,58.0,D,23.0,30.8,3,0.08,"quality grade D (email requires A or B): {'min_stations': True, 'vr_floor': False, 'az_gap_ok': False}",grade_D,v3
2021p146655,2021-02-24T06:18:15.906Z,4.34,4.22,24.0,D,28.4,24.4,6,0.003,"quality grade D (email requires A or B): {'min_stations': True, 'vr_floor': False, 'az_gap_ok': True} | Mw 4.22 < 5.0 and predicted displacement 0.00 cm < 1 cm",grade_D;too_small_no_disp,v3
2021p155708,2021-02-27T14:41:17.428Z,3.85,3.99,7.0,D,25.8,88.6,3,0.008,"quality grade D (email requires A or B): {'min_stations': True, 'vr_floor': False, 'az_gap_ok': True} | Mw 3.99 < 5.0 and predicted displacement 0.01 cm < 1 cm | aftershock throttle: Mw 3.99 within 54 km of published 2026p660242 (Mw 5.03)",grade_D;too_small_no_disp;aftershock,v3
2021p156754,2021-02-27T23:59:02.176Z,4.03,3.75,7.0,D,37.1,20.5,3,0.005,"quality grade D (email requires A or B): {'min_stations': True, 'vr_floor': False, 'az_gap_ok': True} | Mw 3.75 < 5.0 and predicted displacement 0.01 cm < 1 cm",grade_D;too_small_no_disp,v3
2021p166531,2021-03-03T14:48:15.937Z,3.95,5.32,58.0,D,16.6,39.8,3,0.021,"quality grade D (email requires A or B): {'min_stations': True, 'vr_floor': False, 'az_gap_ok': True}",grade_D,v3
2021p169083,2021-03-04T13:27:35.223Z,7.24,7.15,14.0,C,75.4,100.0,3,64.944,"quality grade C (email requires A or B): {'min_stations': True, 'vr_floor': True, 'az_gap_ok': False}",grade_C,v3
2021p169096,2021-03-04T13:34:51.927Z,4.65,6.25,1.5,D,20.9,97.9,3,33.991,"quality grade D (email requires A or B): {'min_stations': True, 'vr_floor': False, 'az_gap_ok': False}",grade_D,v3
2021p169104,2021-03-04T13:38:56.556Z,4.35,5.85,3.5,D,18.2,24.3,3,15.937,"quality grade D (email requires A or B): {'min_stations': True, 'vr_floor': False, 'az_gap_ok': False}",grade_D,v3
2021p169108,2021-03-04T13:41:19.495Z,4.08,5.63,3.0,D,12.9,24.2,3,12.409,"quality grade D (email requires A or B): {'min_stations': True, 'vr_floor': False, 'az_gap_ok': False}",grade_D,v3
2021p169113,2021-03-04T13:43:36.319Z,4.97,5.94,1.0,D,11.8,52.1,3,23.079,"quality grade D (email requires A or B): {'min_stations': True, 'vr_floor': False, 'az_gap_ok': False}",grade_D,v3
2021p169119,2021-03-04T13:46:24.393Z,4.39,5.7,30.0,D,8.7,98.3,3,0.353,"quality grade D (email requires A or B): {'min_stations': True, 'vr_floor': False, 'az_gap_ok': False}",grade_D,v3
2021p169125,2021-03-04T13:49:53.030Z,4.5,5.81,1.5,D,12.4,64.1,3,16.167,"quality grade D (email requires A or B): {'min_stations': True, 'vr_floor': False, 'az_gap_ok': False}",grade_D,v3
2021p169129,2021-03-04T13:51:27.975Z,4.09,5.37,4.5,D,9.5,79.7,3,3.696,"quality grade D (email requires A or B): {'min_stations': True, 'vr_floor': False, 'az_gap_ok': False}",grade_D,v3
2021p169137,2021-03-04T13:56:49.902Z,5.16,5.57,3.5,D,17.7,61.8,3,8.682,"quality grade D (email requires A or B): {'min_stations': True, 'vr_floor': False, 'az_gap_ok': False}",grade_D,v3
2021p169145,2021-03-04T14:00:53.995Z,4.69,5.79,1.0,D,13.2,74.3,3,18.221,"quality grade D (email requires A or B): {'min_stations': True, 'vr_floor': False, 'az_gap_ok': False}",grade_D,v3
2021p169147,2021-03-04T14:02:01.789Z,4.68,5.57,2.5,D,16.7,22.8,3,12.167,"quality grade D (email requires A or B): {'min_stations': True, 'vr_floor': False, 'az_gap_ok': False}",grade_D,v3
2021p169152,2021-03-04T14:04:19.716Z,4.23,5.55,2.0,D,8.3,52.9,3,10.79,"quality grade D (email requires A or B): {'min_stations': True, 'vr_floor': False, 'az_gap_ok': False}",grade_D,v3
2021p169162,2021-03-04T14:09:44.796Z,4.28,5.49,2.0,D,10.2,23.0,3,12.384,"quality grade D (email requires A or B): {'min_stations': True, 'vr_floor': False, 'az_gap_ok': False}",grade_D,v3
2021p169168,2021-03-04T14:12:55.731Z,4.34,5.33,4.5,D,19.0,71.3,3,2.987,"quality grade D (email requires A or B): {'min_stations': True, 'vr_floor': False, 'az_gap_ok': False}",grade_D,v3
2021p169169,2021-03-04T14:13:23.573Z,4.46,5.31,12.0,D,17.7,47.7,3,0.411,"quality grade D (email requires A or B): {'min_stations': True, 'vr_floor': False, 'az_gap_ok': False}",grade_D,v3
2021p169175,2021-03-04T14:16:04.142Z,4.14,5.37,24.0,D,14.8,86.4,3,0.177,"quality grade D (email requires A or B): {'min_stations': True, 'vr_floor': False, 'az_gap_ok': False}",grade_D,v3
2021p169185,2021-03-04T14:22:07.332Z,4.7,5.15,1.0,D,10.8,99.6,3,7.111,"quality grade D (email requires A or B): {'min_stations': True, 'vr_floor': False, 'az_gap_ok': False}",grade_D,v3
2021p169198,2021-03-04T14:29:05.133Z,4.13,5.42,3.0,D,13.7,70.2,3,7.447,"quality grade D (email requires A or B): {'min_stations': True, 'vr_floor': False, 'az_gap_ok': False}",grade_D,v3
2021p169207,2021-03-04T14:33:33.666Z,4.29,5.26,38.0,D,11.9,37.6,3,0.032,"quality grade D (email requires A or B): {'min_stations': True, 'vr_floor': False, 'az_gap_ok': False}",grade_D,v3
2021p169219,2021-03-04T14:40:16.830Z,4.35,5.14,18.0,D,12.9,87.8,3,0.111,"quality grade D (email requires A or B): {'min_stations': True, 'vr_floor': False, 'az_gap_ok': False}",grade_D,v3
2021p169224,2021-03-04T14:43:07.145Z,5.03,5.02,14.0,D,7.6,83.9,3,0.111,"quality grade D (email requires A or B): {'min_stations': True, 'vr_floor': False, 'az_gap_ok': False}",grade_D,v3
2021p169230,2021-03-04T14:45:55.893Z,4.76,5.29,1.5,D,10.8,94.3,3,8.121,"quality grade D (email requires A or B): {'min_stations': True, 'vr_floor': False, 'az_gap_ok': False}",grade_D,v3
2021p169234,2021-03-04T14:48:00.581Z,4.47,5.03,2.0,D,11.6,95.6,3,4.988,"quality grade D (email requires A or B): {'min_stations': True, 'vr_floor': False, 'az_gap_ok': False}",grade_D,v3
2021p169239,2021-03-04T14:50:59.242Z,4.14,5.38,58.0,D,14.7,68.0,3,0.029,"quality grade D (email requires A or B): {'min_stations': True, 'vr_floor': False, 'az_gap_ok': False}",grade_D,v3
2021p169243,2021-03-04T14:53:02.239Z,4.22,4.97,9.0,D,12.1,82.4,3,0.092,"quality grade D (email requires A or B): {'min_stations': True, 'vr_floor': False, 'az_gap_ok': False} | Mw 4.97 < 5.0 and predicted displacement 0.09 cm < 1 cm",grade_D;too_small_no_disp,v3
2021p169248,2021-03-04T14:55:30.309Z,4.17,5.05,3.0,D,10.8,49.0,3,2.702,"quality grade D (email requires A or B): {'min_stations': True, 'vr_floor': False, 'az_gap_ok': False}",grade_D,v3
2021p169254,2021-03-04T14:59:06.773Z,4.35,4.96,5.0,D,10.8,31.2,3,0.899,"quality grade D (email requires A or B): {'min_stations': True, 'vr_floor': False, 'az_gap_ok': False} | Mw 4.96 < 5.0 and predicted displacement 0.90 cm < 1 cm",grade_D;too_small_no_disp,v3
2021p169268,2021-03-04T15:06:14.397Z,4.06,5.28,50.0,D,7.2,8.4,3,0.014,"quality grade D (email requires A or B): {'min_stations': True, 'vr_floor': False, 'az_gap_ok': False}",grade_D,v3
2021p169274,2021-03-04T15:09:30.626Z,5.54,5.39,9.0,D,35.7,74.4,3,1.133,"quality grade D (email requires A or B): {'min_stations': True, 'vr_floor': False, 'az_gap_ok': False}",grade_D,v3
2021p169292,2021-03-04T15:19:22.420Z,4.03,5.2,20.0,D,8.3,28.1,3,0.13,"quality grade D (email requires A or B): {'min_stations': True, 'vr_floor': False, 'az_gap_ok': False}",grade_D,v3
2021p169295,2021-03-04T15:20:26.579Z,4.89,5.08,12.0,D,20.5,92.0,3,0.152,"quality grade D (email requires A or B): {'min_stations': True, 'vr_floor': False, 'az_gap_ok': False}",grade_D,v3
2021p169299,2021-03-04T15:22:32.908Z,4.21,5.08,6.0,D,20.1,77.1,3,0.706,"quality grade D (email requires A or B): {'min_stations': True, 'vr_floor': False, 'az_gap_ok': False}",grade_D,v3
2021p169306,2021-03-04T15:26:25.617Z,4.07,4.76,3.5,D,8.0,84.3,3,0.793,"quality grade D (email requires A or B): {'min_stations': True, 'vr_floor': False, 'az_gap_ok': False} | Mw 4.76 < 5.0 and predicted displacement 0.79 cm < 1 cm",grade_D;too_small_no_disp,v3
2021p169307,2021-03-04T15:27:10.688Z,4.21,5.26,54.0,D,14.3,67.8,3,0.019,"quality grade D (email requires A or B): {'min_stations': True, 'vr_floor': False, 'az_gap_ok': False}",grade_D,v3
2021p169309,2021-03-04T15:28:22.588Z,4.63,4.75,28.0,D,5.6,92.1,3,0.015,"quality grade D (email requires A or B): {'min_stations': True, 'vr_floor': False, 'az_gap_ok': False} | Mw 4.75 < 5.0 and predicted displacement 0.02 cm < 1 cm",grade_D;too_small_no_disp,v3
2021p169315,2021-03-04T15:31:28.873Z,4.04,4.62,9.0,D,8.6,53.6,3,0.086,"quality grade D (email requires A or B): {'min_stations': True, 'vr_floor': False, 'az_gap_ok': False} | Mw 4.62 < 5.0 and predicted displacement 0.09 cm < 1 cm",grade_D;too_small_no_disp,v3
2021p169321,2021-03-04T15:34:21.316Z,4.58,4.62,4.0,D,10.1,43.0,3,0.31,"quality grade D (email requires A or B): {'min_stations': True, 'vr_floor': False, 'az_gap_ok': False} | Mw 4.62 < 5.0 and predicted displacement 0.31 cm < 1 cm",grade_D;too_small_no_disp,v3
2021p169330,2021-03-04T15:39:23.708Z,4.45,4.59,2.0,D,13.6,55.7,3,1.595,"quality grade D (email requires A or B): {'min_stations': True, 'vr_floor': False, 'az_gap_ok': False}",grade_D,v3
2021p169332,2021-03-04T15:40:10.325Z,4.47,4.54,4.0,D,8.9,98.1,3,0.361,"quality grade D (email requires A or B): {'min_stations': True, 'vr_floor': False, 'az_gap_ok': False} | Mw 4.54 < 5.0 and predicted displacement 0.36 cm < 1 cm",grade_D;too_small_no_disp,v3
2021p169336,2021-03-04T15:42:18.669Z,4.16,4.46,12.0,D,7.4,56.9,3,0.019,"quality grade D (email requires A or B): {'min_stations': True, 'vr_floor': False, 'az_gap_ok': False} | Mw 4.46 < 5.0 and predicted displacement 0.02 cm < 1 cm",grade_D;too_small_no_disp,v3
2021p169345,2021-03-04T15:47:37.716Z,4.18,4.66,1.5,D,9.2,27.9,3,3.454,"quality grade D (email requires A or B): {'min_stations': True, 'vr_floor': False, 'az_gap_ok': False}",grade_D,v3
2021p169389,2021-03-04T16:10:56.630Z,4.21,4.87,50.0,D,7.5,19.7,3,0.006,"quality grade D (email requires A or B): {'min_stations': True, 'vr_floor': False, 'az_gap_ok': False} | Mw 4.87 < 5.0 and predicted displacement 0.01 cm < 1 cm",grade_D;too_small_no_disp,v3
2021p169401,2021-03-04T16:16:42.143Z,4.62,4.75,54.0,D,5.7,82.9,3,0.003,"quality grade D (email requires A or B): {'min_stations': True, 'vr_floor': False, 'az_gap_ok': False} | Mw 4.75 < 5.0 and predicted displacement 0.00 cm < 1 cm",grade_D;too_small_no_disp,v3
2021p169428,2021-03-04T16:31:28.988Z,4.39,4.6,20.0,D,7.6,28.5,3,0.014,"quality grade D (email requires A or B): {'min_stations': True, 'vr_floor': False, 'az_gap_ok': False} | Mw 4.60 < 5.0 and predicted displacement 0.01 cm < 1 cm",grade_D;too_small_no_disp,v3
2021p169438,2021-03-04T16:36:57.165Z,4.39,5.16,58.0,D,9.4,56.4,3,0.01,"quality grade D (email requires A or B): {'min_stations': True, 'vr_floor': False, 'az_gap_ok': False}",grade_D,v3
2021p169480,2021-03-04T16:59:08.517Z,4.05,4.42,24.0,D,8.0,53.2,3,0.007,"quality grade D (email requires A or B): {'min_stations': True, 'vr_floor': False, 'az_gap_ok': False} | Mw 4.42 < 5.0 and predicted displacement 0.01 cm < 1 cm",grade_D;too_small_no_disp,v3
2021p169504,2021-03-04T17:11:45.777Z,4.46,4.68,1.5,D,9.8,80.7,3,3.6,"quality grade D (email requires A or B): {'min_stations': True, 'vr_floor': False, 'az_gap_ok': False}",grade_D,v3
2021p169506,2021-03-04T17:12:56.747Z,4.02,4.86,38.0,D,17.7,62.3,3,0.009,"quality grade D (email requires A or B): {'min_stations': True, 'vr_floor': False, 'az_gap_ok': False} | Mw 4.86 < 5.0 and predicted displacement 0.01 cm < 1 cm",grade_D;too_small_no_disp,v3
2021p169528,2021-03-04T17:24:40.231Z,4.41,4.35,2.0,D,5.4,31.1,3,0.683,"quality grade D (email requires A or B): {'min_stations': True, 'vr_floor': False, 'az_gap_ok': False} | Mw 4.35 < 5.0 and predicted displacement 0.68 cm < 1 cm",grade_D;too_small_no_disp,v3
2021p169529,2021-03-04T17:25:30.053Z,4.05,4.36,2.0,D,12.4,62.5,3,0.634,"quality grade D (email requires A or B): {'min_stations': True, 'vr_floor': False, 'az_gap_ok': False} | Mw 4.36 < 5.0 and predicted displacement 0.63 cm < 1 cm",grade_D;too_small_no_disp,v3
2021p169538,2021-03-04T17:30:18.769Z,4.13,4.17,7.0,D,10.8,100.0,3,0.035,"quality grade D (email requires A or B): {'min_stations': True, 'vr_floor': False, 'az_gap_ok': False} | Mw 4.17 < 5.0 and predicted displacement 0.03 cm < 1 cm",grade_D;too_small_no_disp,v3
2021p169547,2021-03-04T17:34:47.951Z,4.35,4.23,3.5,D,9.2,56.2,3,0.17,"quality grade D (email requires A or B): {'min_stations': True, 'vr_floor': False, 'az_gap_ok': False} | Mw 4.23 < 5.0 and predicted displacement 0.17 cm < 1 cm",grade_D;too_small_no_disp,v3
2021p169577,2021-03-04T17:50:44.381Z,4.37,6.08,2.0,D,14.2,64.6,3,26.359,"quality grade D (email requires A or B): {'min_stations': True, 'vr_floor': False, 'az_gap_ok': False}",grade_D,v3
2021p169600,2021-03-04T18:02:58.604Z,4.36,5.68,16.0,D,10.2,69.3,3,0.919,"quality grade D (email requires A or B): {'min_stations': True, 'vr_floor': False, 'az_gap_ok': False}",grade_D,v3
2021p169602,2021-03-04T18:04:22.868Z,4.12,5.73,14.0,D,16.2,83.6,3,1.299,"quality grade D (email requires A or B): {'min_stations': True, 'vr_floor': False, 'az_gap_ok': False}",grade_D,v3
2021p169624,2021-03-04T18:15:58.781Z,4.17,5.61,20.0,D,19.1,63.3,3,0.469,"quality grade D (email requires A or B): {'min_stations': True, 'vr_floor': False, 'az_gap_ok': False}",grade_D,v3
2021p169710,2021-03-04T19:02:12.761Z,4.27,4.94,2.5,D,19.5,32.1,3,2.505,"quality grade D (email requires A or B): {'min_stations': True, 'vr_floor': False, 'az_gap_ok': False}",grade_D,v3
2021p169714,2021-03-04T19:03:55.680Z,4.17,5.1,22.0,D,15.7,48.8,3,0.067,"quality grade D (email requires A or B): {'min_stations': True, 'vr_floor': False, 'az_gap_ok': False}",grade_D,v3
2021p169756,2021-03-04T19:25:57.572Z,5.01,4.9,5.0,D,11.6,31.4,3,0.359,"quality grade D (email requires A or B): {'min_stations': True, 'vr_floor': False, 'az_gap_ok': False} | Mw 4.90 < 5.0 and predicted displacement 0.36 cm < 1 cm",grade_D;too_small_no_disp,v3
2021p169810,2021-03-04T19:55:09.896Z,4.35,6.14,26.0,D,29.4,51.7,3,1.913,"quality grade D (email requires A or B): {'min_stations': True, 'vr_floor': False, 'az_gap_ok': False}",grade_D,v3
2021p169866,2021-03-04T20:24:45.697Z,4.06,5.46,2.5,D,11.2,41.4,3,9.698,"quality grade D (email requires A or B): {'min_stations': True, 'vr_floor': False, 'az_gap_ok': False}",grade_D,v3
2021p169892,2021-03-04T20:39:11.304Z,4.32,5.67,24.0,D,7.9,70.3,3,0.45,"quality grade D (email requires A or B): {'min_stations': True, 'vr_floor': False, 'az_gap_ok': False}",grade_D,v3
2021p169939,2021-03-04T21:04:08.565Z,5.24,5.15,1.0,D,15.1,65.5,3,8.793,"quality grade D (email requires A or B): {'min_stations': True, 'vr_floor': False, 'az_gap_ok': False}",grade_D,v3
2021p169948,2021-03-04T21:08:08.539Z,5.23,5.58,28.0,D,12.3,56.3,3,0.09,"quality grade D (email requires A or B): {'min_stations': True, 'vr_floor': False, 'az_gap_ok': False}",grade_D,v3
2021p169954,2021-03-04T21:11:49.230Z,4.04,5.1,6.0,D,9.8,52.9,3,1.009,"quality grade D (email requires A or B): {'min_stations': True, 'vr_floor': False, 'az_gap_ok': False}",grade_D,v3
2021p169982,2021-03-04T21:26:59.170Z,4.03,5.15,24.0,D,14.5,66.7,3,0.086,"quality grade D (email requires A or B): {'min_stations': True, 'vr_floor': False, 'az_gap_ok': False}",grade_D,v3
2021p169994,2021-03-04T21:33:19.291Z,4.01,5.22,20.0,D,8.2,38.3,3,0.151,"quality grade D (email requires A or B): {'min_stations': True, 'vr_floor': False, 'az_gap_ok': False}",grade_D,v3
2021p170012,2021-03-04T21:42:32.359Z,4.48,4.76,3.5,D,12.4,65.9,3,0.99,"quality grade D (email requires A or B): {'min_stations': True, 'vr_floor': False, 'az_gap_ok': False} | Mw 4.76 < 5.0 and predicted displacement 0.99 cm < 1 cm",grade_D;too_small_no_disp,v3
2021p170026,2021-03-04T21:50:27.109Z,4.22,4.9,4.0,D,8.8,47.9,3,1.205,"quality grade D (email requires A or B): {'min_stations': True, 'vr_floor': False, 'az_gap_ok': False}",grade_D,v3
2021p170068,2021-03-04T22:12:45.463Z,4.04,4.95,4.5,D,4.9,32.3,3,1.159,"quality grade D (email requires A or B): {'min_stations': True, 'vr_floor': False, 'az_gap_ok': False}",grade_D,v3
2021p170078,2021-03-04T22:18:04.022Z,4.37,4.99,1.0,D,6.9,3.4,3,6.607,"quality grade D (email requires A or B): {'min_stations': True, 'vr_floor': False, 'az_gap_ok': False}",grade_D,v3
2021p170081,2021-03-04T22:19:39.456Z,4.25,5.08,20.0,D,6.9,52.5,3,0.033,"quality grade D (email requires A or B): {'min_stations': True, 'vr_floor': False, 'az_gap_ok': False}",grade_D,v3
2021p170085,2021-03-04T22:21:38.568Z,4.43,5.67,54.0,D,13.2,43.3,3,0.1,"quality grade D (email requires A or B): {'min_stations': True, 'vr_floor': False, 'az_gap_ok': False}",grade_D,v3
2021p170235,2021-03-04T23:41:11.090Z,4.27,5.73,34.0,D,19.5,78.3,3,0.327,"quality grade D (email requires A or B): {'min_stations': True, 'vr_floor': False, 'az_gap_ok': False}",grade_D,v3
2021p170264,2021-03-04T23:56:46.981Z,4.41,5.08,1.0,D,15.4,81.0,3,7.373,"quality grade D (email requires A or B): {'min_stations': True, 'vr_floor': False, 'az_gap_ok': False}",grade_D,v3
2021p170276,2021-03-05T00:03:27.451Z,4.4,4.75,2.0,D,10.2,53.1,3,2.458,"quality grade D (email requires A or B): {'min_stations': True, 'vr_floor': False, 'az_gap_ok': False}",grade_D,v3
2021p170294,2021-03-05T00:12:58.932Z,4.14,4.94,18.0,D,9.6,77.9,3,0.065,"quality grade D (email requires A or B): {'min_stations': True, 'vr_floor': False, 'az_gap_ok': False} | Mw 4.94 < 5.0 and predicted displacement 0.06 cm < 1 cm",grade_D;too_small_no_disp,v3
2021p170296,2021-03-05T00:13:54.691Z,4.1,4.82,5.0,D,11.9,81.1,3,0.525,"quality grade D (email requires A or B): {'min_stations': True, 'vr_floor': False, 'az_gap_ok': False} | Mw 4.82 < 5.0 and predicted displacement 0.53 cm < 1 cm",grade_D;too_small_no_disp,v3
2021p170388,2021-03-05T01:03:11.984Z,4.13,5.82,58.0,D,24.0,64.4,3,0.129,"quality grade D (email requires A or B): {'min_stations': True, 'vr_floor': False, 'az_gap_ok': False}",grade_D,v3
2021p170530,2021-03-05T02:18:55.458Z,4.13,4.54,3.0,D,9.9,31.2,3,0.448,"quality grade D (email requires A or B): {'min_stations': True, 'vr_floor': False, 'az_gap_ok': False} | Mw 4.54 < 5.0 and predicted displacement 0.45 cm < 1 cm",grade_D;too_small_no_disp,v3
2021p170549,2021-03-05T02:28:47.896Z,4.35,4.48,3.0,D,7.6,29.6,3,0.45,"quality grade D (email requires A or B): {'min_stations': True, 'vr_floor': False, 'az_gap_ok': False} | Mw 4.48 < 5.0 and predicted displacement 0.45 cm < 1 cm",grade_D;too_small_no_disp,v3
2021p170556,2021-03-05T02:32:29.122Z,4.28,5.2,58.0,D,7.3,30.6,3,0.013,"quality grade D (email requires A or B): {'min_stations': True, 'vr_floor': False, 'az_gap_ok': False}",grade_D,v3
2021p170596,2021-03-05T02:54:02.249Z,4.14,5.01,14.0,D,29.9,39.2,3,0.116,"quality grade D (email requires A or B): {'min_stations': True, 'vr_floor': False, 'az_gap_ok': False}",grade_D,v3
2021p170644,2021-03-05T03:19:20.743Z,4.21,4.84,3.5,D,15.7,81.4,3,0.983,"quality grade D (email requires A or B): {'min_stations': True, 'vr_floor': False, 'az_gap_ok': False} | Mw 4.84 < 5.0 and predicted displacement 0.98 cm < 1 cm",grade_D;too_small_no_disp,v3
2021p170693,2021-03-05T03:45:40.584Z,4.59,5.01,26.0,D,12.9,59.9,3,0.044,"quality grade D (email requires A or B): {'min_stations': True, 'vr_floor': False, 'az_gap_ok': False}",grade_D,v3
2021p170739,2021-03-05T04:10:00.129Z,4.29,4.78,7.0,D,19.3,89.0,3,0.22,"quality grade D (email requires A or B): {'min_stations': True, 'vr_floor': False, 'az_gap_ok': False} | Mw 4.78 < 5.0 and predicted displacement 0.22 cm < 1 cm",grade_D;too_small_no_disp,v3
2021p170799,2021-03-05T04:42:10.469Z,4.17,4.37,10.0,D,11.1,59.6,3,0.025,"quality grade D (email requires A or B): {'min_stations': True, 'vr_floor': False, 'az_gap_ok': False} | Mw 4.37 < 5.0 and predicted displacement 0.02 cm < 1 cm",grade_D;too_small_no_disp,v3
2021p170865,2021-03-05T05:17:20.977Z,4.68,4.4,14.0,D,8.5,74.9,3,0.009,"quality grade D (email requires A or B): {'min_stations': True, 'vr_floor': False, 'az_gap_ok': False} | Mw 4.40 < 5.0 and predicted displacement 0.01 cm < 1 cm",grade_D;too_small_no_disp,v3
2021p171061,2021-03-05T07:01:25.984Z,4.04,4.27,3.0,D,22.9,99.7,4,0.205,"quality grade D (email requires A or B): {'min_stations': True, 'vr_floor': False, 'az_gap_ok': False} | Mw 4.27 < 5.0 and predicted displacement 0.21 cm < 1 cm",grade_D;too_small_no_disp,v3
2021p171093,2021-03-05T07:19:15.884Z,4.26,4.6,34.0,D,18.1,21.4,3,0.006,"quality grade D (email requires A or B): {'min_stations': True, 'vr_floor': False, 'az_gap_ok': False} | Mw 4.60 < 5.0 and predicted displacement 0.01 cm < 1 cm",grade_D;too_small_no_disp,v3
2021p171106,2021-03-05T07:25:39.076Z,4.19,4.81,34.0,D,4.9,4.6,3,0.009,"quality grade D (email requires A or B): {'min_stations': True, 'vr_floor': False, 'az_gap_ok': False} | Mw 4.81 < 5.0 and predicted displacement 0.01 cm < 1 cm",grade_D;too_small_no_disp,v3
2021p171122,2021-03-05T07:34:15.155Z,4.52,4.53,4.5,D,11.6,32.5,3,0.249,"quality grade D (email requires A or B): {'min_stations': True, 'vr_floor': False, 'az_gap_ok': False} | Mw 4.53 < 5.0 and predicted displacement 0.25 cm < 1 cm",grade_D;too_small_no_disp,v3
2021p171205,2021-03-05T08:18:16.411Z,4.03,5.9,58.0,D,5.4,36.4,7,0.169,"quality grade D (email requires A or B): {'min_stations': True, 'vr_floor': False, 'az_gap_ok': False}",grade_D,v3
2021p171259,2021-03-05T08:46:58.324Z,4.47,4.86,1.5,D,16.6,99.0,3,4.619,"quality grade D (email requires A or B): {'min_stations': True, 'vr_floor': False, 'az_gap_ok': False}",grade_D,v3
2021p171261,2021-03-05T08:48:22.866Z,4.05,5.01,1.0,D,18.0,36.8,3,5.315,"quality grade D (email requires A or B): {'min_stations': True, 'vr_floor': False, 'az_gap_ok': False}",grade_D,v3
2021p171371,2021-03-05T09:47:04.723Z,4.01,4.96,50.0,D,18.6,13.2,3,0.003,"quality grade D (email requires A or B): {'min_stations': True, 'vr_floor': False, 'az_gap_ok': False} | Mw 4.96 < 5.0 and predicted displacement 0.00 cm < 1 cm",grade_D;too_small_no_disp,v3
2021p171567,2021-03-05T11:31:28.950Z,4.24,3.9,5.0,D,7.3,94.0,3,0.014,"quality grade D (email requires A or B): {'min_stations': True, 'vr_floor': False, 'az_gap_ok': False} | Mw 3.90 < 5.0 and predicted displacement 0.01 cm < 1 cm",grade_D;too_small_no_disp,v3
2021p171587,2021-03-05T11:41:37.063Z,4.8,4.63,4.0,D,7.6,94.7,4,0.511,"quality grade D (email requires A or B): {'min_stations': True, 'vr_floor': False, 'az_gap_ok': False} | Mw 4.63 < 5.0 and predicted displacement 0.51 cm < 1 cm",grade_D;too_small_no_disp,v3
2021p171906,2021-03-05T14:31:59.094Z,4.07,5.66,30.0,D,17.8,69.4,3,0.321,"quality grade D (email requires A or B): {'min_stations': True, 'vr_floor': False, 'az_gap_ok': False}",grade_D,v3
2021p171941,2021-03-05T14:50:24.433Z,4.11,4.99,7.0,D,14.9,91.1,3,0.404,"quality grade D (email requires A or B): {'min_stations': True, 'vr_floor': False, 'az_gap_ok': False} | Mw 4.99 < 5.0 and predicted displacement 0.40 cm < 1 cm",grade_D;too_small_no_disp,v3
2021p172039,2021-03-05T15:42:48.662Z,4.9,4.73,12.0,D,7.3,46.0,6,0.05,"quality grade D (email requires A or B): {'min_stations': True, 'vr_floor': False, 'az_gap_ok': False} | Mw 4.73 < 5.0 and predicted displacement 0.05 cm < 1 cm",grade_D;too_small_no_disp,v3
2021p172057,2021-03-05T15:52:08.578Z,4.29,4.43,12.0,D,26.3,97.8,3,0.018,"quality grade D (email requires A or B): {'min_stations': True, 'vr_floor': False, 'az_gap_ok': False} | Mw 4.43 < 5.0 and predicted displacement 0.02 cm < 1 cm",grade_D;too_small_no_disp,v3
2021p172067,2021-03-05T15:57:16.997Z,4.42,4.39,4.0,D,6.1,67.2,3,0.221,"quality grade D (email requires A or B): {'min_stations': True, 'vr_floor': False, 'az_gap_ok': False} | Mw 4.39 < 5.0 and predicted displacement 0.22 cm < 1 cm",grade_D;too_small_no_disp,v3
2021p172071,2021-03-05T15:59:37.454Z,4.46,4.63,16.0,D,15.9,87.4,3,0.03,"quality grade D (email requires A or B): {'min_stations': True, 'vr_floor': False, 'az_gap_ok': False} | Mw 4.63 < 5.0 and predicted displacement 0.03 cm < 1 cm",grade_D;too_small_no_disp,v3
2021p172093,2021-03-05T16:11:41.581Z,4.01,4.52,1.0,D,9.7,41.1,3,2.941,"quality grade D (email requires A or B): {'min_stations': True, 'vr_floor': False, 'az_gap_ok': False}",grade_D,v3
2021p172132,2021-03-05T16:32:17.240Z,4.14,4.4,18.0,D,18.4,34.7,3,0.008,"quality grade D (email requires A or B): {'min_stations': True, 'vr_floor': False, 'az_gap_ok': False} | Mw 4.40 < 5.0 and predicted displacement 0.01 cm < 1 cm",grade_D;too_small_no_disp,v3
2021p172161,2021-03-05T16:47:41.457Z,4.14,4.33,16.0,D,13.7,82.3,3,0.012,"quality grade D (email requires A or B): {'min_stations': True, 'vr_floor': False, 'az_gap_ok': False} | Mw 4.33 < 5.0 and predicted displacement 0.01 cm < 1 cm",grade_D;too_small_no_disp,v3
2021p172269,2021-03-05T17:44:18.708Z,4.77,4.92,24.0,D,22.9,99.0,3,0.04,"quality grade D (email requires A or B): {'min_stations': True, 'vr_floor': False, 'az_gap_ok': False} | Mw 4.92 < 5.0 and predicted displacement 0.04 cm < 1 cm",grade_D;too_small_no_disp,v3
2021p172273,2021-03-05T17:47:00.680Z,4.39,4.54,6.0,D,10.3,78.3,3,0.121,"quality grade D (email requires A or B): {'min_stations': True, 'vr_floor': False, 'az_gap_ok': False} | Mw 4.54 < 5.0 and predicted displacement 0.12 cm < 1 cm",grade_D;too_small_no_disp,v3
2021p172407,2021-03-05T18:58:53.653Z,4.69,4.42,4.5,D,6.9,73.3,4,0.136,"quality grade D (email requires A or B): {'min_stations': True, 'vr_floor': False, 'az_gap_ok': False} | Mw 4.42 < 5.0 and predicted displacement 0.14 cm < 1 cm",grade_D;too_small_no_disp,v3
2021p172461,2021-03-05T19:27:40.738Z,4.32,4.71,24.0,D,18.9,66.7,3,0.013,"quality grade D (email requires A or B): {'min_stations': True, 'vr_floor': False, 'az_gap_ok': False} | Mw 4.71 < 5.0 and predicted displacement 0.01 cm < 1 cm",grade_D;too_small_no_disp,v3
2021p172487,2021-03-05T19:41:03.593Z,4.11,5.33,50.0,D,6.2,68.6,3,0.022,"quality grade D (email requires A or B): {'min_stations': True, 'vr_floor': False, 'az_gap_ok': False}",grade_D,v3
2021p172515,2021-03-05T19:56:14.271Z,4.48,4.93,28.0,D,18.2,96.1,2,0.03,"quality grade D (email requires A or B): {'min_stations': False, 'vr_floor': False, 'az_gap_ok': False} | Mw 4.93 < 5.0 and predicted displacement 0.03 cm < 1 cm",grade_D;too_small_no_disp,v3
2021p172628,2021-03-05T20:56:37.147Z,4.61,4.8,20.0,D,13.4,28.4,3,0.032,"quality grade D (email requires A or B): {'min_stations': True, 'vr_floor': False, 'az_gap_ok': False} | Mw 4.80 < 5.0 and predicted displacement 0.03 cm < 1 cm",grade_D;too_small_no_disp,v3
2021p172650,2021-03-05T21:08:19.502Z,4.04,4.73,24.0,D,15.1,93.7,3,0.021,"quality grade D (email requires A or B): {'min_stations': True, 'vr_floor': False, 'az_gap_ok': False} | Mw 4.73 < 5.0 and predicted displacement 0.02 cm < 1 cm",grade_D;too_small_no_disp,v3
2021p172697,2021-03-05T21:33:23.559Z,5.37,5.19,3.5,D,15.5,15.5,7,3.558,"quality grade D (email requires A or B): {'min_stations': True, 'vr_floor': False, 'az_gap_ok': False}",grade_D,v3
2021p172703,2021-03-05T21:36:38.388Z,4.22,5.18,16.0,D,11.3,6.7,3,0.081,"quality grade D (email requires A or B): {'min_stations': True, 'vr_floor': False, 'az_gap_ok': False}",grade_D,v3
2021p172726,2021-03-05T21:48:36.129Z,3.78,4.2,14.0,D,7.3,38.0,3,0.01,"quality grade D (email requires A or B): {'min_stations': True, 'vr_floor': False, 'az_gap_ok': False} | Mw 4.20 < 5.0 and predicted displacement 0.01 cm < 1 cm",grade_D;too_small_no_disp,v3
2021p172814,2021-03-05T22:35:25.254Z,4.29,4.59,20.0,D,5.1,68.6,3,0.012,"quality grade D (email requires A or B): {'min_stations': True, 'vr_floor': False, 'az_gap_ok': False} | Mw 4.59 < 5.0 and predicted displacement 0.01 cm < 1 cm",grade_D;too_small_no_disp,v3
2021p172817,2021-03-05T22:37:11.161Z,4.74,5.04,28.0,D,5.9,94.8,5,0.028,"quality grade D (email requires A or B): {'min_stations': True, 'vr_floor': False, 'az_gap_ok': False}",grade_D,v3
2021p172969,2021-03-05T23:58:21.400Z,4.66,4.78,9.0,D,16.5,86.6,3,0.095,"quality grade D (email requires A or B): {'min_stations': True, 'vr_floor': False, 'az_gap_ok': False} | Mw 4.78 < 5.0 and predicted displacement 0.10 cm < 1 cm",grade_D;too_small_no_disp,v3
2021p173004,2021-03-06T00:16:20.573Z,6.21,6.24,6.0,C,75.9,99.4,6,23.406,"quality grade C (email requires A or B): {'min_stations': True, 'vr_floor': True, 'az_gap_ok': False}",grade_C,v3
2021p173010,2021-03-06T00:20:17.619Z,4.77,5.94,1.0,D,6.4,71.0,3,23.512,"quality grade D (email requires A or B): {'min_stations': True, 'vr_floor': False, 'az_gap_ok': False}",grade_D,v3
2021p173014,2021-03-06T00:22:11.337Z,4.43,5.52,2.0,D,14.3,54.5,3,11.702,"quality grade D (email requires A or B): {'min_stations': True, 'vr_floor': False, 'az_gap_ok': False}",grade_D,v3
2021p173018,2021-03-06T00:24:33.831Z,4.21,5.5,4.0,D,11.5,54.1,3,6.425,"quality grade D (email requires A or B): {'min_stations': True, 'vr_floor': False, 'az_gap_ok': False}",grade_D,v3
2021p173024,2021-03-06T00:26:27.519Z,4.22,5.51,5.0,D,14.0,64.7,3,4.852,"quality grade D (email requires A or B): {'min_stations': True, 'vr_floor': False, 'az_gap_ok': False}",grade_D,v3
2021p173025,2021-03-06T00:28:13.365Z,4.22,5.3,6.0,D,18.3,77.1,3,1.528,"quality grade D (email requires A or B): {'min_stations': True, 'vr_floor': False, 'az_gap_ok': False}",grade_D,v3
2021p173030,2021-03-06T00:30:40.090Z,4.63,5.45,2.0,D,10.8,92.5,3,10.144,"quality grade D (email requires A or B): {'min_stations': True, 'vr_floor': False, 'az_gap_ok': False}",grade_D,v3
2021p173033,2021-03-06T00:32:18.443Z,4.1,5.11,14.0,D,5.4,9.4,3,0.188,"quality grade D (email requires A or B): {'min_stations': True, 'vr_floor': False, 'az_gap_ok': False}",grade_D,v3
2021p173047,2021-03-06T00:39:53.726Z,4.07,5.07,5.0,D,21.0,62.7,3,1.02,"quality grade D (email requires A or B): {'min_stations': True, 'vr_floor': False, 'az_gap_ok': False}",grade_D,v3
2021p173059,2021-03-06T00:46:14.075Z,4.01,5.05,2.5,D,9.5,78.5,3,3.945,"quality grade D (email requires A or B): {'min_stations': True, 'vr_floor': False, 'az_gap_ok': False}",grade_D,v3
2021p173071,2021-03-06T00:52:00.109Z,4.85,4.91,4.0,D,8.5,65.6,3,1.026,"quality grade D (email requires A or B): {'min_stations': True, 'vr_floor': False, 'az_gap_ok': False}",grade_D,v3
2021p173075,2021-03-06T00:54:36.670Z,4.15,5.0,7.0,D,12.1,62.4,3,0.42,"quality grade D (email requires A or B): {'min_stations': True, 'vr_floor': False, 'az_gap_ok': False} | Mw 5.00 < 5.0 and predicted displacement 0.42 cm < 1 cm",grade_D;too_small_no_disp,v3
2021p173084,2021-03-06T00:59:27.272Z,4.04,4.85,1.5,D,15.1,39.3,3,4.94,"quality grade D (email requires A or B): {'min_stations': True, 'vr_floor': False, 'az_gap_ok': False}",grade_D,v3
2021p173098,2021-03-06T01:07:14.517Z,4.22,4.98,2.0,D,10.9,97.6,3,4.629,"quality grade D (email requires A or B): {'min_stations': True, 'vr_floor': False, 'az_gap_ok': False}",grade_D,v3
2021p173106,2021-03-06T01:11:06.768Z,4.59,4.69,1.5,D,11.0,90.3,3,3.633,"quality grade D (email requires A or B): {'min_stations': True, 'vr_floor': False, 'az_gap_ok': False}",grade_D,v3
2021p173125,2021-03-06T01:21:23.864Z,4.44,5.1,1.0,D,15.7,84.9,3,6.372,"quality grade D (email requires A or B): {'min_stations': True, 'vr_floor': False, 'az_gap_ok': False}",grade_D,v3
2021p173145,2021-03-06T01:31:54.344Z,4.04,4.52,3.0,D,11.8,94.1,3,0.503,"quality grade D (email requires A or B): {'min_stations': True, 'vr_floor': False, 'az_gap_ok': False} | Mw 4.52 < 5.0 and predicted displacement 0.50 cm < 1 cm",grade_D;too_small_no_disp,v3
2021p173159,2021-03-06T01:39:34.809Z,4.27,4.6,1.5,D,17.2,68.0,3,2.504,"quality grade D (email requires A or B): {'min_stations': True, 'vr_floor': False, 'az_gap_ok': False}",grade_D,v3
2022p017357,2022-01-07T10:08:16.075Z,3.99,3.95,58.0,D,9.9,23.0,3,0.0,"quality grade D (email requires A or B): {'min_stations': True, 'vr_floor': False, 'az_gap_ok': False} | Mw 3.95 < 5.0 and predicted displacement 0.00 cm < 1 cm",grade_D;too_small_no_disp,v3
2022p027940,2022-01-11T08:06:40.138Z,3.84,3.75,30.0,D,6.5,71.0,4,0.0,"quality grade D (email requires A or B): {'min_stations': True, 'vr_floor': False, 'az_gap_ok': True} | Mw 3.75 < 5.0 and predicted displacement 0.00 cm < 1 cm",grade_D;too_small_no_disp,v3
2022p032808,2022-01-13T03:20:23.941Z,5.02,4.34,1.0,C,60.8,67.5,5,2.323,"quality grade C (email requires A or B): {'min_stations': True, 'vr_floor': True, 'az_gap_ok': False}",grade_C,v3
2022p038215,2022-01-15T03:21:17.603Z,4.62,4.57,30.0,D,10.4,41.7,4,0.005,"quality grade D (email requires A or B): {'min_stations': True, 'vr_floor': False, 'az_gap_ok': False} | Mw 4.57 < 5.0 and predicted displacement 0.00 cm < 1 cm",grade_D;too_small_no_disp,v3
2022p046481,2022-01-18T04:45:27.265Z,4.14,3.6,1.0,D,12.7,30.4,3,0.269,"quality grade D (email requires A or B): {'min_stations': True, 'vr_floor': False, 'az_gap_ok': False} | Mw 3.60 < 5.0 and predicted displacement 0.27 cm < 1 cm",grade_D;too_small_no_disp,v3
2022p061324,2022-01-23T16:33:44.935Z,4.37,3.93,9.0,D,39.0,69.0,3,0.009,"quality grade D (email requires A or B): {'min_stations': True, 'vr_floor': False, 'az_gap_ok': True} | Mw 3.93 < 5.0 and predicted displacement 0.01 cm < 1 cm | aftershock throttle: Mw 3.93 within 34 km of published 2026p660242 (Mw 5.03)",grade_D;too_small_no_disp;aftershock,v3
2022p061572,2022-01-23T18:46:02.368Z,4.21,3.95,4.0,D,17.7,57.4,3,0.036,"quality grade D (email requires A or B): {'min_stations': True, 'vr_floor': False, 'az_gap_ok': True} | Mw 3.95 < 5.0 and predicted displacement 0.04 cm < 1 cm | aftershock throttle: Mw 3.95 within 36 km of published 2026p660242 (Mw 5.03)",grade_D;too_small_no_disp;aftershock,v3
2022p062243,2022-01-24T00:43:08.443Z,4.38,3.81,8.0,D,14.9,55.5,5,0.008,"quality grade D (email requires A or B): {'min_stations': True, 'vr_floor': False, 'az_gap_ok': True} | Mw 3.81 < 5.0 and predicted displacement 0.01 cm < 1 cm | aftershock throttle: Mw 3.81 within 33 km of published 2026p660242 (Mw 5.03)",grade_D;too_small_no_disp;aftershock,v3
2022p062691,2022-01-24T04:42:05.037Z,3.78,4.02,2.5,D,43.8,70.2,3,0.156,"quality grade D (email requires A or B): {'min_stations': True, 'vr_floor': False, 'az_gap_ok': True} | Mw 4.02 < 5.0 and predicted displacement 0.16 cm < 1 cm",grade_D;too_small_no_disp,v3
2022p064462,2022-01-24T20:25:48.315Z,5.3,5.22,34.0,D,15.6,12.0,6,0.021,"quality grade D (email requires A or B): {'min_stations': True, 'vr_floor': False, 'az_gap_ok': False}",grade_D,v3
2022p071447,2022-01-27T10:27:29.394Z,3.71,4.74,50.0,D,11.8,60.4,3,0.003,"quality grade D (email requires A or B): {'min_stations': True, 'vr_floor': False, 'az_gap_ok': True} | Mw 4.74 < 5.0 and predicted displacement 0.00 cm < 1 cm",grade_D;too_small_no_disp,v3
2022p096260,2022-02-05T14:46:36.167Z,4.39,4.06,9.0,D,39.0,97.5,3,0.008,"quality grade D (email requires A or B): {'min_stations': True, 'vr_floor': False, 'az_gap_ok': False} | Mw 4.06 < 5.0 and predicted displacement 0.01 cm < 1 cm",grade_D;too_small_no_disp,v3
2022p096569,2022-02-05T17:31:48.194Z,5.36,5.0,12.0,C,60.3,97.1,4,0.131,"quality grade C (email requires A or B): {'min_stations': True, 'vr_floor': True, 'az_gap_ok': False}",grade_C,v3
2022p096990,2022-02-05T21:16:13.053Z,4.58,4.35,4.0,C,60.5,8.8,3,0.153,"quality grade C (email requires A or B): {'min_stations': True, 'vr_floor': True, 'az_gap_ok': False} | Mw 4.35 < 5.0 and predicted displacement 0.15 cm < 1 cm",grade_C;too_small_no_disp,v3
2022p100506,2022-02-07T04:29:53.200Z,4.23,4.21,3.0,D,38.4,81.6,3,0.146,"quality grade D (email requires A or B): {'min_stations': True, 'vr_floor': False, 'az_gap_ok': False} | Mw 4.21 < 5.0 and predicted displacement 0.15 cm < 1 cm",grade_D;too_small_no_disp,v3
2022p101074,2022-02-07T09:32:27.632Z,4.57,4.26,9.0,C,60.4,22.5,4,0.019,"quality grade C (email requires A or B): {'min_stations': True, 'vr_floor': True, 'az_gap_ok': False} | Mw 4.26 < 5.0 and predicted displacement 0.02 cm < 1 cm",grade_C;too_small_no_disp,v3
2022p117428,2022-02-13T10:45:50.661Z,4.76,4.12,1.0,D,37.3,86.6,6,1.569,"quality grade D (email requires A or B): {'min_stations': True, 'vr_floor': False, 'az_gap_ok': True} | aftershock throttle: Mw 4.12 within 52 km of published 2026p660242 (Mw 5.03)",grade_D;aftershock,v3
2022p117851,2022-02-13T14:31:19.106Z,4.73,4.01,3.5,D,27.7,92.4,10,0.055,"quality grade D (email requires A or B): {'min_stations': True, 'vr_floor': False, 'az_gap_ok': True} | Mw 4.01 < 5.0 and predicted displacement 0.06 cm < 1 cm | aftershock throttle: Mw 4.01 within 50 km of published 2026p660242 (Mw 5.03)",grade_D;too_small_no_disp;aftershock,v3
2022p121073,2022-02-14T19:08:08.763Z,3.72,4.31,58.0,D,7.3,77.4,3,0.001,"quality grade D (email requires A or B): {'min_stations': True, 'vr_floor': False, 'az_gap_ok': True} | Mw 4.31 < 5.0 and predicted displacement 0.00 cm < 1 cm",grade_D;too_small_no_disp,v3
2022p130344,2022-02-18T05:27:30.598Z,4.42,4.33,1.0,D,49.0,42.4,5,2.183,"quality grade D (email requires A or B): {'min_stations': True, 'vr_floor': False, 'az_gap_ok': True}",grade_D,v3
2022p137041,2022-02-20T16:55:52.006Z,4.46,4.36,4.5,B,66.4,89.6,5,0.131,Mw 4.36 < 5.0 and predicted displacement 0.13 cm < 1 cm,too_small_no_disp,v3
2022p138188,2022-02-21T03:06:44.449Z,5.64,5.08,30.0,B,63.7,98.3,7,0.028,passed all publication gates,,v3
2022p139047,2022-02-21T10:44:37.994Z,3.76,4.18,42.0,D,11.0,50.7,3,0.0,"quality grade D (email requires A or B): {'min_stations': True, 'vr_floor': False, 'az_gap_ok': True} | Mw 4.18 < 5.0 and predicted displacement 0.00 cm < 1 cm",grade_D;too_small_no_disp,v3
2022p151076,2022-02-25T21:33:33.533Z,3.91,3.94,20.0,D,46.0,78.5,6,0.001,"quality grade D (email requires A or B): {'min_stations': True, 'vr_floor': False, 'az_gap_ok': True} | Mw 3.94 < 5.0 and predicted displacement 0.00 cm < 1 cm",grade_D;too_small_no_disp,v3
2022p171785,2022-03-05T13:27:12.037Z,4.66,4.35,26.0,D,28.8,90.6,3,0.005,"quality grade D (email requires A or B): {'min_stations': True, 'vr_floor': False, 'az_gap_ok': False} | Mw 4.35 < 5.0 and predicted displacement 0.00 cm < 1 cm",grade_D;too_small_no_disp,v3
2022p177700,2022-03-07T17:58:51.054Z,4.1,3.91,2.5,D,28.5,98.3,4,0.092,"quality grade D (email requires A or B): {'min_stations': True, 'vr_floor': False, 'az_gap_ok': True} | Mw 3.91 < 5.0 and predicted displacement 0.09 cm < 1 cm | aftershock throttle: Mw 3.91 within 36 km of published 2026p660242 (Mw 5.03)",grade_D;too_small_no_disp;aftershock,v3
2022p192308,2022-03-13T03:41:39.322Z,4.2,3.99,1.0,D,35.2,81.3,3,0.971,"quality grade D (email requires A or B): {'min_stations': True, 'vr_floor': False, 'az_gap_ok': False} | Mw 3.99 < 5.0 and predicted displacement 0.97 cm < 1 cm",grade_D;too_small_no_disp,v3
2022p207473,2022-03-18T18:21:54.430Z,4.2,3.94,26.0,D,35.6,99.7,6,0.001,"quality grade D (email requires A or B): {'min_stations': True, 'vr_floor': False, 'az_gap_ok': True} | Mw 3.94 < 5.0 and predicted displacement 0.00 cm < 1 cm",grade_D;too_small_no_disp,v3
2022p211653,2022-03-20T07:28:48.429Z,4.56,4.27,2.0,D,33.1,95.2,6,0.48,"quality grade D (email requires A or B): {'min_stations': True, 'vr_floor': False, 'az_gap_ok': True} | Mw 4.27 < 5.0 and predicted displacement 0.48 cm < 1 cm",grade_D;too_small_no_disp,v3
2022p225442,2022-03-25T09:55:47.019Z,4.43,4.42,58.0,D,21.0,53.2,5,0.001,"quality grade D (email requires A or B): {'min_stations': True, 'vr_floor': False, 'az_gap_ok': True} | Mw 4.42 < 5.0 and predicted displacement 0.00 cm < 1 cm",grade_D;too_small_no_disp,v3
2022p228179,2022-03-26T10:14:16.169Z,3.71,4.31,54.0,D,10.6,62.8,3,0.001,"quality grade D (email requires A or B): {'min_stations': True, 'vr_floor': False, 'az_gap_ok': False} | Mw 4.31 < 5.0 and predicted displacement 0.00 cm < 1 cm",grade_D;too_small_no_disp,v3
2022p244438,2022-04-01T10:36:46.316Z,4.84,4.43,3.5,A,73.6,84.6,7,0.167,Mw 4.43 < 5.0 and predicted displacement 0.17 cm < 1 cm,too_small_no_disp,v3
2022p274057,2022-04-12T09:38:01.768Z,4.33,4.18,30.0,D,28.3,85.1,5,0.001,"quality grade D (email requires A or B): {'min_stations': True, 'vr_floor': False, 'az_gap_ok': False} | Mw 4.18 < 5.0 and predicted displacement 0.00 cm < 1 cm",grade_D;too_small_no_disp,v3
2022p287856,2022-04-17T12:09:51.537Z,3.76,4.22,46.0,D,9.8,76.5,3,0.001,"quality grade D (email requires A or B): {'min_stations': True, 'vr_floor': False, 'az_gap_ok': True} | Mw 4.22 < 5.0 and predicted displacement 0.00 cm < 1 cm | aftershock throttle: Mw 4.22 within 51 km of published 2026p660242 (Mw 5.03)",grade_D;too_small_no_disp;aftershock,v3
2022p296989,2022-04-20T21:16:13.984Z,3.71,3.81,38.0,D,36.5,83.2,3,0.0,"quality grade D (email requires A or B): {'min_stations': True, 'vr_floor': False, 'az_gap_ok': False} | Mw 3.81 < 5.0 and predicted displacement 0.00 cm < 1 cm",grade_D;too_small_no_disp,v3
2022p297602,2022-04-21T02:42:32.048Z,3.88,3.49,6.0,D,15.6,98.9,3,0.001,"quality grade D (email requires A or B): {'min_stations': True, 'vr_floor': False, 'az_gap_ok': True} | Mw 3.49 < 5.0 and predicted displacement 0.00 cm < 1 cm",grade_D;too_small_no_disp,v3
2022p333807,2022-05-04T12:12:41.783Z,3.74,3.4,5.0,D,21.2,67.2,3,0.004,"quality grade D (email requires A or B): {'min_stations': True, 'vr_floor': False, 'az_gap_ok': True} | Mw 3.40 < 5.0 and predicted displacement 0.00 cm < 1 cm",grade_D;too_small_no_disp,v3
2022p338774,2022-05-06T08:19:13.754Z,4.26,3.83,12.0,B,69.5,95.2,7,0.001,Mw 3.83 < 5.0 and predicted displacement 0.00 cm < 1 cm,too_small_no_disp,v3
2022p346338,2022-05-09T03:29:24.207Z,3.94,3.84,5.0,D,38.5,37.8,3,0.022,"quality grade D (email requires A or B): {'min_stations': True, 'vr_floor': False, 'az_gap_ok': True} | Mw 3.84 < 5.0 and predicted displacement 0.02 cm < 1 cm | aftershock throttle: Mw 3.84 within 34 km of published 2026p660242 (Mw 5.03)",grade_D;too_small_no_disp;aftershock,v3
2022p354491,2022-05-12T03:53:02.506Z,4.13,4.33,58.0,D,22.2,67.5,3,0.0,"quality grade D (email requires A or B): {'min_stations': True, 'vr_floor': False, 'az_gap_ok': True} | Mw 4.33 < 5.0 and predicted displacement 0.00 cm < 1 cm",grade_D;too_small_no_disp,v3
2022p361737,2022-05-14T20:13:36.183Z,4.7,4.27,38.0,B,66.9,93.4,5,0.002,Mw 4.27 < 5.0 and predicted displacement 0.00 cm < 1 cm,too_small_no_disp,v3
2022p380263,2022-05-21T16:44:28.353Z,4.32,4.34,58.0,D,18.6,94.8,3,0.001,"quality grade D (email requires A or B): {'min_stations': True, 'vr_floor': False, 'az_gap_ok': True} | Mw 4.34 < 5.0 and predicted displacement 0.00 cm < 1 cm | aftershock throttle: Mw 4.34 within 58 km of published 2026p660242 (Mw 5.03)",grade_D;too_small_no_disp;aftershock,v3
2022p385242,2022-05-23T12:57:08.572Z,3.77,3.84,58.0,D,14.7,11.6,3,0.0,"quality grade D (email requires A or B): {'min_stations': True, 'vr_floor': False, 'az_gap_ok': True} | Mw 3.84 < 5.0 and predicted displacement 0.00 cm < 1 cm",grade_D;too_small_no_disp,v3
2022p398911,2022-05-28T14:20:16.088Z,3.75,4.25,34.0,D,14.2,77.7,3,0.001,"quality grade D (email requires A or B): {'min_stations': True, 'vr_floor': False, 'az_gap_ok': False} | Mw 4.25 < 5.0 and predicted displacement 0.00 cm < 1 cm",grade_D;too_small_no_disp,v3
2022p432017,2022-06-09T20:19:03.100Z,3.74,3.86,8.0,D,9.0,17.5,3,0.009,"quality grade D (email requires A or B): {'min_stations': True, 'vr_floor': False, 'az_gap_ok': True} | Mw 3.86 < 5.0 and predicted displacement 0.01 cm < 1 cm",grade_D;too_small_no_disp,v3
2022p454025,2022-06-17T23:44:50.918Z,3.77,3.75,1.5,B,60.7,93.0,8,0.17,Mw 3.75 < 5.0 and predicted displacement 0.17 cm < 1 cm,too_small_no_disp,v3
2022p460193,2022-06-20T06:30:55.753Z,4.28,3.87,4.5,D,15.9,91.2,8,0.015,"quality grade D (email requires A or B): {'min_stations': True, 'vr_floor': False, 'az_gap_ok': True} | Mw 3.87 < 5.0 and predicted displacement 0.01 cm < 1 cm",grade_D;too_small_no_disp,v3
2022p465796,2022-06-22T08:16:36.072Z,4.44,4.08,4.0,D,39.3,98.2,3,0.054,"quality grade D (email requires A or B): {'min_stations': True, 'vr_floor': False, 'az_gap_ok': True} | Mw 4.08 < 5.0 and predicted displacement 0.05 cm < 1 cm",grade_D;too_small_no_disp,v3
2022p472209,2022-06-24T17:13:14.872Z,4.43,3.9,14.0,C,58.9,68.4,7,0.003,"quality grade C (email requires A or B): {'min_stations': True, 'vr_floor': True, 'az_gap_ok': True} | Mw 3.90 < 5.0 and predicted displacement 0.00 cm < 1 cm",grade_C;too_small_no_disp,v3
2022p472261,2022-06-24T17:40:48.419Z,3.99,4.02,58.0,D,44.8,87.9,3,0.0,"quality grade D (email requires A or B): {'min_stations': True, 'vr_floor': False, 'az_gap_ok': False} | Mw 4.02 < 5.0 and predicted displacement 0.00 cm < 1 cm",grade_D;too_small_no_disp,v3
2022p499042,2022-07-04T15:29:41.624Z,5.47,4.61,16.0,B,84.3,99.8,6,0.007,Mw 4.61 < 5.0 and predicted displacement 0.01 cm < 1 cm,too_small_no_disp,v3
2022p499162,2022-07-04T16:33:59.347Z,4.09,3.95,10.0,D,14.8,62.2,3,0.003,"quality grade D (email requires A or B): {'min_stations': True, 'vr_floor': False, 'az_gap_ok': True} | Mw 3.95 < 5.0 and predicted displacement 0.00 cm < 1 cm | aftershock throttle: Mw 3.95 within 23 km of published 2026p660242 (Mw 5.03)",grade_D;too_small_no_disp;aftershock,v3
2022p503376,2022-07-06T05:58:49.956Z,4.0,4.05,26.0,D,19.1,98.2,3,0.001,"quality grade D (email requires A or B): {'min_stations': True, 'vr_floor': False, 'az_gap_ok': True} | Mw 4.05 < 5.0 and predicted displacement 0.00 cm < 1 cm",grade_D;too_small_no_disp,v3
2022p506178,2022-07-07T06:51:51.396Z,3.89,3.68,26.0,D,25.3,95.7,3,0.0,"quality grade D (email requires A or B): {'min_stations': True, 'vr_floor': False, 'az_gap_ok': False} | Mw 3.68 < 5.0 and predicted displacement 0.00 cm < 1 cm",grade_D;too_small_no_disp,v3
2022p507314,2022-07-07T16:57:09.077Z,4.11,4.42,50.0,D,20.9,74.2,3,0.001,"quality grade D (email requires A or B): {'min_stations': True, 'vr_floor': False, 'az_gap_ok': True} | Mw 4.42 < 5.0 and predicted displacement 0.00 cm < 1 cm",grade_D;too_small_no_disp,v3
2022p524975,2022-07-14T05:46:52.699Z,3.71,3.54,5.0,D,7.8,33.4,3,0.007,"quality grade D (email requires A or B): {'min_stations': True, 'vr_floor': False, 'az_gap_ok': True} | Mw 3.54 < 5.0 and predicted displacement 0.01 cm < 1 cm",grade_D;too_small_no_disp,v3
2022p529447,2022-07-15T21:29:27.027Z,4.64,4.53,50.0,D,30.7,58.8,5,0.0,"quality grade D (email requires A or B): {'min_stations': True, 'vr_floor': False, 'az_gap_ok': True} | Mw 4.53 < 5.0 and predicted displacement 0.00 cm < 1 cm",grade_D;too_small_no_disp,v3
2022p530382,2022-07-16T05:47:41.386Z,3.76,3.72,5.0,D,22.8,89.6,3,0.014,"quality grade D (email requires A or B): {'min_stations': True, 'vr_floor': False, 'az_gap_ok': False} | Mw 3.72 < 5.0 and predicted displacement 0.01 cm < 1 cm",grade_D;too_small_no_disp,v3
2022p556486,2022-07-25T21:36:09.238Z,3.82,4.23,38.0,D,20.2,98.1,3,0.0,"quality grade D (email requires A or B): {'min_stations': True, 'vr_floor': False, 'az_gap_ok': False} | Mw 4.23 < 5.0 and predicted displacement 0.00 cm < 1 cm",grade_D;too_small_no_disp,v3
2022p559012,2022-07-26T20:01:52.723Z,3.79,4.29,46.0,D,19.1,33.0,4,0.0,"quality grade D (email requires A or B): {'min_stations': True, 'vr_floor': False, 'az_gap_ok': True} | Mw 4.29 < 5.0 and predicted displacement 0.00 cm < 1 cm",grade_D;too_small_no_disp,v3
2022p564358,2022-07-28T19:30:06.277Z,4.13,3.98,16.0,C,58.3,98.9,4,0.001,"quality grade C (email requires A or B): {'min_stations': True, 'vr_floor': True, 'az_gap_ok': True} | Mw 3.98 < 5.0 and predicted displacement 0.00 cm < 1 cm",grade_C;too_small_no_disp,v3
2022p578125,2022-08-02T21:45:12.085Z,3.77,3.8,46.0,D,4.2,16.9,3,0.0,"quality grade D (email requires A or B): {'min_stations': True, 'vr_floor': False, 'az_gap_ok': True} | Mw 3.80 < 5.0 and predicted displacement 0.00 cm < 1 cm",grade_D;too_small_no_disp,v3
2022p582126,2022-08-04T09:16:55.113Z,4.83,4.15,26.0,B,69.3,85.7,5,0.001,Mw 4.15 < 5.0 and predicted displacement 0.00 cm < 1 cm,too_small_no_disp,v3
2022p595213,2022-08-09T05:29:58.551Z,4.44,4.27,54.0,D,26.6,51.8,4,0.0,"quality grade D (email requires A or B): {'min_stations': True, 'vr_floor': False, 'az_gap_ok': True} | Mw 4.27 < 5.0 and predicted displacement 0.00 cm < 1 cm | aftershock throttle: Mw 4.27 within 21 km of published 2026p660242 (Mw 5.03)",grade_D;too_small_no_disp;aftershock,v3
2022p605878,2022-08-13T04:11:56.567Z,3.75,4.45,58.0,D,9.4,85.6,3,0.001,"quality grade D (email requires A or B): {'min_stations': True, 'vr_floor': False, 'az_gap_ok': True} | Mw 4.45 < 5.0 and predicted displacement 0.00 cm < 1 cm",grade_D;too_small_no_disp,v3
2022p630442,2022-08-22T06:19:30.697Z,4.79,4.59,24.0,C,51.2,47.6,3,0.003,"quality grade C (email requires A or B): {'min_stations': True, 'vr_floor': True, 'az_gap_ok': False} | Mw 4.59 < 5.0 and predicted displacement 0.00 cm < 1 cm",grade_C;too_small_no_disp,v3
2022p633064,2022-08-23T05:36:52.593Z,3.9,4.35,58.0,D,21.9,71.2,4,0.0,"quality grade D (email requires A or B): {'min_stations': True, 'vr_floor': False, 'az_gap_ok': True} | Mw 4.35 < 5.0 and predicted displacement 0.00 cm < 1 cm",grade_D;too_small_no_disp,v3
2022p633180,2022-08-23T06:38:41.982Z,4.13,3.74,7.0,D,39.3,98.0,4,0.003,"quality grade D (email requires A or B): {'min_stations': True, 'vr_floor': False, 'az_gap_ok': True} | Mw 3.74 < 5.0 and predicted displacement 0.00 cm < 1 cm",grade_D;too_small_no_disp,v3
2022p655753,2022-08-31T15:05:15.205Z,3.8,4.18,58.0,D,25.5,39.2,3,0.0,"quality grade D (email requires A or B): {'min_stations': True, 'vr_floor': False, 'az_gap_ok': True} | Mw 4.18 < 5.0 and predicted displacement 0.00 cm < 1 cm",grade_D;too_small_no_disp,v3
2022p668840,2022-09-05T11:17:57.761Z,4.9,4.33,16.0,C,62.1,55.4,3,0.011,"quality grade C (email requires A or B): {'min_stations': True, 'vr_floor': True, 'az_gap_ok': False} | Mw 4.33 < 5.0 and predicted displacement 0.01 cm < 1 cm",grade_C;too_small_no_disp,v3
2022p674002,2022-09-07T09:08:38.262Z,4.11,4.08,24.0,D,42.3,54.3,3,0.002,"quality grade D (email requires A or B): {'min_stations': True, 'vr_floor': False, 'az_gap_ok': True} | Mw 4.08 < 5.0 and predicted displacement 0.00 cm < 1 cm",grade_D;too_small_no_disp,v3
2022p679696,2022-09-09T11:42:24.666Z,4.29,4.05,8.0,D,31.2,87.9,5,0.01,"quality grade D (email requires A or B): {'min_stations': True, 'vr_floor': False, 'az_gap_ok': True} | Mw 4.05 < 5.0 and predicted displacement 0.01 cm < 1 cm",grade_D;too_small_no_disp,v3
2022p680474,2022-09-09T18:36:36.050Z,4.23,4.37,10.0,D,45.1,96.7,6,0.021,"quality grade D (email requires A or B): {'min_stations': True, 'vr_floor': False, 'az_gap_ok': True} | Mw 4.37 < 5.0 and predicted displacement 0.02 cm < 1 cm",grade_D;too_small_no_disp,v3
2022p707692,2022-09-19T20:18:40.777Z,3.98,5.3,58.0,D,26.5,99.0,4,0.018,"quality grade D (email requires A or B): {'min_stations': True, 'vr_floor': False, 'az_gap_ok': True}",grade_D,v3
2022p725774,2022-09-26T12:52:52.798Z,4.74,4.08,16.0,B,78.5,96.3,5,0.005,Mw 4.08 < 5.0 and predicted displacement 0.00 cm < 1 cm,too_small_no_disp,v3
2022p745927,2022-10-03T23:50:17.075Z,4.36,3.84,20.0,D,35.9,72.9,5,0.001,"quality grade D (email requires A or B): {'min_stations': True, 'vr_floor': False, 'az_gap_ok': True} | Mw 3.84 < 5.0 and predicted displacement 0.00 cm < 1 cm",grade_D;too_small_no_disp,v3
2022p768417,2022-10-12T07:32:50.729Z,4.75,4.21,46.0,D,23.7,52.8,8,0.0,"quality grade D (email requires A or B): {'min_stations': True, 'vr_floor': False, 'az_gap_ok': True} | Mw 4.21 < 5.0 and predicted displacement 0.00 cm < 1 cm",grade_D;too_small_no_disp,v3
2022p781438,2022-10-17T03:10:04.100Z,5.17,4.83,3.0,D,48.3,54.0,5,1.248,"quality grade D (email requires A or B): {'min_stations': True, 'vr_floor': False, 'az_gap_ok': False}",grade_D,v3
2022p800299,2022-10-24T02:39:22.233Z,3.83,3.8,9.0,D,11.2,14.7,3,0.002,"quality grade D (email requires A or B): {'min_stations': True, 'vr_floor': False, 'az_gap_ok': False} | Mw 3.80 < 5.0 and predicted displacement 0.00 cm < 1 cm",grade_D;too_small_no_disp,v3
2022p800578,2022-10-24T05:08:23.490Z,4.29,3.79,16.0,B,68.8,99.4,3,0.002,Mw 3.79 < 5.0 and predicted displacement 0.00 cm < 1 cm,too_small_no_disp,v3
2022p808667,2022-10-27T04:58:03.531Z,4.04,3.64,6.0,D,48.3,80.2,5,0.005,"quality grade D (email requires A or B): {'min_stations': True, 'vr_floor': False, 'az_gap_ok': True} | Mw 3.64 < 5.0 and predicted displacement 0.01 cm < 1 cm",grade_D;too_small_no_disp,v3
2022p812180,2022-10-28T12:09:33.061Z,3.95,4.0,42.0,D,29.3,98.4,3,0.0,"quality grade D (email requires A or B): {'min_stations': True, 'vr_floor': False, 'az_gap_ok': True} | Mw 4.00 < 5.0 and predicted displacement 0.00 cm < 1 cm",grade_D;too_small_no_disp,v3
2022p813592,2022-10-29T00:42:15.682Z,3.93,3.84,42.0,D,19.6,54.1,3,0.0,"quality grade D (email requires A or B): {'min_stations': True, 'vr_floor': False, 'az_gap_ok': True} | Mw 3.84 < 5.0 and predicted displacement 0.00 cm < 1 cm",grade_D;too_small_no_disp,v3
2022p822969,2022-11-01T11:58:16.786Z,4.64,4.68,1.0,C,57.4,99.5,3,3.585,"quality grade C (email requires A or B): {'min_stations': True, 'vr_floor': True, 'az_gap_ok': False}",grade_C,v3
2022p853869,2022-11-12T22:21:41.557Z,4.49,4.69,58.0,D,20.3,76.1,4,0.002,"quality grade D (email requires A or B): {'min_stations': True, 'vr_floor': False, 'az_gap_ok': False} | Mw 4.69 < 5.0 and predicted displacement 0.00 cm < 1 cm",grade_D;too_small_no_disp,v3
2022p857750,2022-11-14T08:49:23.514Z,3.73,4.33,58.0,D,10.0,65.5,3,0.0,"quality grade D (email requires A or B): {'min_stations': True, 'vr_floor': False, 'az_gap_ok': True} | Mw 4.33 < 5.0 and predicted displacement 0.00 cm < 1 cm",grade_D;too_small_no_disp,v3
2022p871345,2022-11-19T09:32:42.769Z,3.98,3.75,26.0,D,27.6,81.2,3,0.001,"quality grade D (email requires A or B): {'min_stations': True, 'vr_floor': False, 'az_gap_ok': False} | Mw 3.75 < 5.0 and predicted displacement 0.00 cm < 1 cm",grade_D;too_small_no_disp,v3
2022p900633,2022-11-30T05:37:19.609Z,3.95,4.08,1.0,D,26.8,39.7,7,1.176,"quality grade D (email requires A or B): {'min_stations': True, 'vr_floor': False, 'az_gap_ok': True}",grade_D,v3
2022p901216,2022-11-30T10:47:59.057Z,5.74,5.58,1.5,B,63.8,59.9,8,12.237,passed all publication gates,,v3
2022p901222,2022-11-30T10:51:06.079Z,3.79,4.56,12.0,D,13.9,80.4,3,0.046,"quality grade D (email requires A or B): {'min_stations': True, 'vr_floor': False, 'az_gap_ok': True} | Mw 4.56 < 5.0 and predicted displacement 0.05 cm < 1 cm",grade_D;too_small_no_disp,v3
2022p901243,2022-11-30T11:02:21.225Z,4.03,4.4,9.0,D,14.7,19.9,3,0.046,"quality grade D (email requires A or B): {'min_stations': True, 'vr_floor': False, 'az_gap_ok': True} | Mw 4.40 < 5.0 and predicted displacement 0.05 cm < 1 cm",grade_D;too_small_no_disp,v3
2022p901313,2022-11-30T11:40:14.568Z,4.49,4.36,3.5,D,41.6,98.9,6,0.185,"quality grade D (email requires A or B): {'min_stations': True, 'vr_floor': False, 'az_gap_ok': True} | Mw 4.36 < 5.0 and predicted displacement 0.18 cm < 1 cm",grade_D;too_small_no_disp,v3
2022p901755,2022-11-30T15:35:12.363Z,3.88,3.81,14.0,D,42.8,70.4,6,0.002,"quality grade D (email requires A or B): {'min_stations': True, 'vr_floor': False, 'az_gap_ok': True} | Mw 3.81 < 5.0 and predicted displacement 0.00 cm < 1 cm",grade_D;too_small_no_disp,v3
2022p902801,2022-12-01T00:53:00.650Z,4.1,3.96,1.0,D,16.4,59.5,6,0.808,"quality grade D (email requires A or B): {'min_stations': True, 'vr_floor': False, 'az_gap_ok': True} | Mw 3.96 < 5.0 and predicted displacement 0.81 cm < 1 cm",grade_D;too_small_no_disp,v3
2022p903728,2022-12-01T09:06:22.773Z,3.74,4.05,3.5,D,15.9,23.3,3,0.089,"quality grade D (email requires A or B): {'min_stations': True, 'vr_floor': False, 'az_gap_ok': True} | Mw 4.05 < 5.0 and predicted displacement 0.09 cm < 1 cm",grade_D;too_small_no_disp,v3
2022p904574,2022-12-01T16:37:27.736Z,3.95,3.97,3.5,C,57.3,85.8,6,0.07,"quality grade C (email requires A or B): {'min_stations': True, 'vr_floor': True, 'az_gap_ok': True} | Mw 3.97 < 5.0 and predicted displacement 0.07 cm < 1 cm",grade_C;too_small_no_disp,v3
2022p923741,2022-12-08T18:49:14.328Z,3.92,4.31,46.0,D,27.9,97.4,3,0.001,"quality grade D (email requires A or B): {'min_stations': True, 'vr_floor': False, 'az_gap_ok': True} | Mw 4.31 < 5.0 and predicted displacement 0.00 cm < 1 cm | aftershock throttle: Mw 4.31 within 44 km of published 2026p660242 (Mw 5.03)",grade_D;too_small_no_disp;aftershock,v3
2022p967803,2022-12-25T02:05:37.774Z,4.66,4.92,24.0,B,71.6,66.8,5,0.036,Mw 4.92 < 5.0 and predicted displacement 0.04 cm < 1 cm,too_small_no_disp,v3
2022p973340,2022-12-27T03:15:49.330Z,4.09,4.04,1.0,D,10.5,92.7,4,1.058,"quality grade D (email requires A or B): {'min_stations': True, 'vr_floor': False, 'az_gap_ok': True}",grade_D,v3
2022p977695,2022-12-28T17:56:17.916Z,3.94,4.25,58.0,D,19.6,60.3,3,0.0,"quality grade D (email requires A or B): {'min_stations': True, 'vr_floor': False, 'az_gap_ok': True} | Mw 4.25 < 5.0 and predicted displacement 0.00 cm < 1 cm",grade_D;too_small_no_disp,v3
2022p979811,2022-12-29T12:43:28.651Z,3.76,4.19,46.0,D,28.2,90.6,4,0.001,"quality grade D (email requires A or B): {'min_stations': True, 'vr_floor': False, 'az_gap_ok': False} | Mw 4.19 < 5.0 and predicted displacement 0.00 cm < 1 cm",grade_D;too_small_no_disp,v3
2022p982423,2022-12-30T11:55:26.807Z,4.05,4.56,34.0,D,6.6,36.4,3,0.003,"quality grade D (email requires A or B): {'min_stations': True, 'vr_floor': False, 'az_gap_ok': False} | Mw 4.56 < 5.0 and predicted displacement 0.00 cm < 1 cm",grade_D;too_small_no_disp,v3
2022p983935,2022-12-31T01:20:44.931Z,3.77,3.8,1.5,D,7.4,77.3,3,0.174,"quality grade D (email requires A or B): {'min_stations': True, 'vr_floor': False, 'az_gap_ok': True} | Mw 3.80 < 5.0 and predicted displacement 0.17 cm < 1 cm",grade_D;too_small_no_disp,v3
2023p004463,2023-01-02T15:38:15.190Z,3.92,3.71,26.0,D,31.0,92.1,3,0.0,"quality grade D (email requires A or B): {'min_stations': True, 'vr_floor': False, 'az_gap_ok': True} | Mw 3.71 < 5.0 and predicted displacement 0.00 cm < 1 cm",grade_D;too_small_no_disp,v3
2023p007281,2023-01-03T16:39:21.821Z,5.11,4.75,4.5,A,80.0,66.6,7,0.557,Mw 4.75 < 5.0 and predicted displacement 0.56 cm < 1 cm,too_small_no_disp,v3
2023p007922,2023-01-03T22:21:21.637Z,3.96,4.21,46.0,D,23.6,29.6,3,0.001,"quality grade D (email requires A or B): {'min_stations': True, 'vr_floor': False, 'az_gap_ok': True} | Mw 4.21 < 5.0 and predicted displacement 0.00 cm < 1 cm",grade_D;too_small_no_disp,v3
2023p018824,2023-01-07T23:09:55.920Z,3.87,3.81,2.5,D,25.0,97.2,3,0.075,"quality grade D (email requires A or B): {'min_stations': True, 'vr_floor': False, 'az_gap_ok': True} | Mw 3.81 < 5.0 and predicted displacement 0.08 cm < 1 cm | aftershock throttle: Mw 3.81 within 27 km of published 2026p660242 (Mw 5.03)",grade_D;too_small_no_disp;aftershock,v3
2023p019628,2023-01-08T06:18:09.797Z,4.66,4.21,12.0,B,84.3,97.0,5,0.014,Mw 4.21 < 5.0 and predicted displacement 0.01 cm < 1 cm | aftershock throttle: Mw 4.21 within 72 km of published 2026p660242 (Mw 5.03),too_small_no_disp;aftershock,v3
2023p024260,2023-01-09T23:25:53.608Z,4.05,3.78,46.0,D,3.6,54.1,3,0.0,"quality grade D (email requires A or B): {'min_stations': True, 'vr_floor': False, 'az_gap_ok': True} | Mw 3.78 < 5.0 and predicted displacement 0.00 cm < 1 cm",grade_D;too_small_no_disp,v3
2023p055889,2023-01-21T16:18:00.448Z,3.85,4.14,34.0,D,6.3,73.1,3,0.001,"quality grade D (email requires A or B): {'min_stations': True, 'vr_floor': False, 'az_gap_ok': True} | Mw 4.14 < 5.0 and predicted displacement 0.00 cm < 1 cm",grade_D;too_small_no_disp,v3
2023p072874,2023-01-27T23:07:20.083Z,4.21,4.45,46.0,D,18.3,23.5,3,0.001,"quality grade D (email requires A or B): {'min_stations': True, 'vr_floor': False, 'az_gap_ok': False} | Mw 4.45 < 5.0 and predicted displacement 0.00 cm < 1 cm",grade_D;too_small_no_disp,v3
2023p074811,2023-01-28T16:19:37.820Z,4.35,4.17,28.0,D,43.2,89.8,5,0.001,"quality grade D (email requires A or B): {'min_stations': True, 'vr_floor': False, 'az_gap_ok': True} | Mw 4.17 < 5.0 and predicted displacement 0.00 cm < 1 cm",grade_D;too_small_no_disp,v3
2023p078278,2023-01-29T23:06:45.542Z,4.1,3.78,14.0,D,38.2,85.9,9,0.001,"quality grade D (email requires A or B): {'min_stations': True, 'vr_floor': False, 'az_gap_ok': True} | Mw 3.78 < 5.0 and predicted displacement 0.00 cm < 1 cm",grade_D;too_small_no_disp,v3
2023p078755,2023-01-30T03:20:56.748Z,4.28,4.2,46.0,D,16.7,91.3,4,0.0,"quality grade D (email requires A or B): {'min_stations': True, 'vr_floor': False, 'az_gap_ok': True} | Mw 4.20 < 5.0 and predicted displacement 0.00 cm < 1 cm",grade_D;too_small_no_disp,v3
2023p079689,2023-01-30T11:38:29.949Z,3.83,3.79,58.0,D,7.0,26.3,3,0.0,"quality grade D (email requires A or B): {'min_stations': True, 'vr_floor': False, 'az_gap_ok': False} | Mw 3.79 < 5.0 and predicted displacement 0.00 cm < 1 cm",grade_D;too_small_no_disp,v3
2023p087955,2023-02-02T13:02:43.493Z,4.8,4.49,1.0,B,64.3,61.4,5,2.899,passed all publication gates,,v3
2023p116977,2023-02-13T06:45:45.367Z,4.34,4.56,46.0,D,19.4,93.8,5,0.002,"quality grade D (email requires A or B): {'min_stations': True, 'vr_floor': False, 'az_gap_ok': True} | Mw 4.56 < 5.0 and predicted displacement 0.00 cm < 1 cm",grade_D;too_small_no_disp,v3
2023p132194,2023-02-18T21:53:25.932Z,3.72,3.89,34.0,D,18.3,95.2,3,0.0,"quality grade D (email requires A or B): {'min_stations': True, 'vr_floor': False, 'az_gap_ok': True} | Mw 3.89 < 5.0 and predicted displacement 0.00 cm < 1 cm",grade_D;too_small_no_disp,v3
2023p150120,2023-02-25T13:04:09.680Z,3.9,4.51,50.0,D,18.0,60.8,3,0.001,"quality grade D (email requires A or B): {'min_stations': True, 'vr_floor': False, 'az_gap_ok': False} | Mw 4.51 < 5.0 and predicted displacement 0.00 cm < 1 cm",grade_D;too_small_no_disp,v3
2023p157593,2023-02-28T07:26:07.288Z,4.77,4.14,38.0,D,45.3,70.5,6,0.001,"quality grade D (email requires A or B): {'min_stations': True, 'vr_floor': False, 'az_gap_ok': True} | Mw 4.14 < 5.0 and predicted displacement 0.00 cm < 1 cm",grade_D;too_small_no_disp,v3
2023p166011,2023-03-03T10:10:52.493Z,3.95,3.72,4.0,D,12.9,62.2,3,0.022,"quality grade D (email requires A or B): {'min_stations': True, 'vr_floor': False, 'az_gap_ok': False} | Mw 3.72 < 5.0 and predicted displacement 0.02 cm < 1 cm",grade_D;too_small_no_disp,v3
2023p166738,2023-03-03T16:38:23.469Z,4.47,4.11,2.5,B,63.0,63.0,5,0.141,Mw 4.11 < 5.0 and predicted displacement 0.14 cm < 1 cm,too_small_no_disp,v3
2023p170633,2023-03-05T03:13:40.797Z,4.4,4.52,10.0,C,59.5,72.8,9,0.044,"quality grade C (email requires A or B): {'min_stations': True, 'vr_floor': True, 'az_gap_ok': True} | Mw 4.52 < 5.0 and predicted displacement 0.04 cm < 1 cm",grade_C;too_small_no_disp,v3
2023p178504,2023-03-08T01:07:07.728Z,4.32,3.92,4.5,D,39.0,33.7,5,0.019,"quality grade D (email requires A or B): {'min_stations': True, 'vr_floor': False, 'az_gap_ok': True} | Mw 3.92 < 5.0 and predicted displacement 0.02 cm < 1 cm",grade_D;too_small_no_disp,v3
2023p187624,2023-03-11T10:06:12.926Z,4.46,3.89,8.0,B,60.3,93.4,5,0.004,Mw 3.89 < 5.0 and predicted displacement 0.00 cm < 1 cm,too_small_no_disp,v3
2023p192961,2023-03-13T09:29:43.322Z,4.12,3.87,42.0,C,55.7,99.4,3,0.0,"quality grade C (email requires A or B): {'min_stations': True, 'vr_floor': True, 'az_gap_ok': True} | Mw 3.87 < 5.0 and predicted displacement 0.00 cm < 1 cm",grade_C;too_small_no_disp,v3
2023p204450,2023-03-17T15:31:06.273Z,4.66,4.83,1.5,A,82.4,98.6,8,4.33,passed all publication gates,,v3
2023p204478,2023-03-17T15:46:01.655Z,4.93,5.05,3.5,A,84.6,93.1,6,2.466,passed all publication gates,,v3
2023p204951,2023-03-17T19:58:07.209Z,4.82,4.95,1.5,A,81.0,97.2,8,5.536,passed all publication gates,,v3
2023p204960,2023-03-17T20:03:08.999Z,3.7,4.41,24.0,D,5.7,66.4,3,0.005,"quality grade D (email requires A or B): {'min_stations': True, 'vr_floor': False, 'az_gap_ok': True} | Mw 4.41 < 5.0 and predicted displacement 0.01 cm < 1 cm",grade_D;too_small_no_disp,v3
2023p205056,2023-03-17T20:54:11.273Z,3.93,4.17,1.5,A,79.0,97.1,7,0.733,Mw 4.17 < 5.0 and predicted displacement 0.73 cm < 1 cm,too_small_no_disp,v3
2023p205234,2023-03-17T22:28:52.876Z,3.8,3.89,5.0,D,41.6,98.4,7,0.025,"quality grade D (email requires A or B): {'min_stations': True, 'vr_floor': False, 'az_gap_ok': True} | Mw 3.89 < 5.0 and predicted displacement 0.03 cm < 1 cm",grade_D;too_small_no_disp,v3
2023p205252,2023-03-17T22:38:47.190Z,4.04,4.18,7.0,D,44.2,63.3,7,0.035,"quality grade D (email requires A or B): {'min_stations': True, 'vr_floor': False, 'az_gap_ok': True} | Mw 4.18 < 5.0 and predicted displacement 0.04 cm < 1 cm",grade_D;too_small_no_disp,v3
2023p205256,2023-03-17T22:40:34.005Z,4.04,4.16,12.0,A,72.8,85.6,7,0.008,Mw 4.16 < 5.0 and predicted displacement 0.01 cm < 1 cm,too_small_no_disp,v3
2023p205311,2023-03-17T23:10:07.505Z,3.78,3.89,1.0,A,76.6,87.6,6,0.631,Mw 3.89 < 5.0 and predicted displacement 0.63 cm < 1 cm,too_small_no_disp,v3
2023p205484,2023-03-18T00:42:06.128Z,4.66,4.3,4.0,B,65.5,73.2,7,0.073,Mw 4.30 < 5.0 and predicted displacement 0.07 cm < 1 cm,too_small_no_disp,v3
2023p205534,2023-03-18T01:09:01.342Z,3.93,4.16,58.0,D,0.3,36.8,3,0.0,"quality grade D (email requires A or B): {'min_stations': True, 'vr_floor': False, 'az_gap_ok': False} | Mw 4.16 < 5.0 and predicted displacement 0.00 cm < 1 cm",grade_D;too_small_no_disp,v3
2023p205638,2023-03-18T02:04:06.537Z,3.78,3.89,2.0,D,49.8,99.0,7,0.157,"quality grade D (email requires A or B): {'min_stations': True, 'vr_floor': False, 'az_gap_ok': True} | Mw 3.89 < 5.0 and predicted displacement 0.16 cm < 1 cm",grade_D;too_small_no_disp,v3
2023p207850,2023-03-18T21:42:39.943Z,4.25,4.23,5.0,A,71.2,92.1,8,0.085,Mw 4.23 < 5.0 and predicted displacement 0.09 cm < 1 cm,too_small_no_disp,v3
2023p208692,2023-03-19T05:11:35.881Z,3.82,4.09,5.0,A,80.5,92.6,8,0.052,Mw 4.09 < 5.0 and predicted displacement 0.05 cm < 1 cm,too_small_no_disp,v3
2023p212590,2023-03-20T15:48:28.362Z,4.14,4.24,8.0,B,66.8,69.5,7,0.011,Mw 4.24 < 5.0 and predicted displacement 0.01 cm < 1 cm,too_small_no_disp,v3
2023p213377,2023-03-20T22:47:54.798Z,4.18,4.32,38.0,D,18.5,31.9,3,0.001,"quality grade D (email requires A or B): {'min_stations': True, 'vr_floor': False, 'az_gap_ok': False} | Mw 4.32 < 5.0 and predicted displacement 0.00 cm < 1 cm",grade_D;too_small_no_disp,v3
2023p237572,2023-03-29T21:38:30.189Z,3.7,3.8,1.5,D,18.8,85.9,3,0.168,"quality grade D (email requires A or B): {'min_stations': True, 'vr_floor': False, 'az_gap_ok': True} | Mw 3.80 < 5.0 and predicted displacement 0.17 cm < 1 cm",grade_D;too_small_no_disp,v3
2023p239271,2023-03-30T12:43:52.608Z,3.76,4.26,42.0,D,7.0,26.1,5,0.001,"quality grade D (email requires A or B): {'min_stations': True, 'vr_floor': False, 'az_gap_ok': True} | Mw 4.26 < 5.0 and predicted displacement 0.00 cm < 1 cm",grade_D;too_small_no_disp,v3
2023p293493,2023-04-19T14:13:36.805Z,3.8,4.3,58.0,D,9.0,61.5,3,0.0,"quality grade D (email requires A or B): {'min_stations': True, 'vr_floor': False, 'az_gap_ok': True} | Mw 4.30 < 5.0 and predicted displacement 0.00 cm < 1 cm",grade_D;too_small_no_disp,v3
2023p296210,2023-04-20T14:21:09.409Z,4.02,4.63,46.0,D,20.1,77.7,3,0.001,"quality grade D (email requires A or B): {'min_stations': True, 'vr_floor': False, 'az_gap_ok': True} | Mw 4.63 < 5.0 and predicted displacement 0.00 cm < 1 cm",grade_D;too_small_no_disp,v3
2023p296804,2023-04-20T19:37:36.433Z,4.45,3.98,22.0,D,25.4,35.5,6,0.002,"quality grade D (email requires A or B): {'min_stations': True, 'vr_floor': False, 'az_gap_ok': True} | Mw 3.98 < 5.0 and predicted displacement 0.00 cm < 1 cm",grade_D;too_small_no_disp,v3
2023p304853,2023-04-23T19:06:11.194Z,3.91,4.81,54.0,D,7.3,35.4,3,0.004,"quality grade D (email requires A or B): {'min_stations': True, 'vr_floor': False, 'az_gap_ok': True} | Mw 4.81 < 5.0 and predicted displacement 0.00 cm < 1 cm",grade_D;too_small_no_disp,v3
2023p309208,2023-04-25T09:46:16.471Z,3.74,3.85,24.0,D,19.9,31.1,3,0.001,"quality grade D (email requires A or B): {'min_stations': True, 'vr_floor': False, 'az_gap_ok': True} | Mw 3.85 < 5.0 and predicted displacement 0.00 cm < 1 cm",grade_D;too_small_no_disp,v3
2023p310070,2023-04-25T17:25:47.119Z,4.02,3.76,30.0,D,5.2,36.7,3,0.0,"quality grade D (email requires A or B): {'min_stations': True, 'vr_floor': False, 'az_gap_ok': True} | Mw 3.76 < 5.0 and predicted displacement 0.00 cm < 1 cm",grade_D;too_small_no_disp,v3
2023p310616,2023-04-25T22:16:14.377Z,5.89,5.92,6.0,B,78.5,80.6,6,9.036,passed all publication gates,,v3
2023p310621,2023-04-25T22:19:03.548Z,5.44,5.36,38.0,D,46.1,43.0,3,0.073,"quality grade D (email requires A or B): {'min_stations': True, 'vr_floor': False, 'az_gap_ok': False}",grade_D,v3
2023p310638,2023-04-25T22:28:11.301Z,4.31,4.56,22.0,D,15.0,48.4,3,0.011,"quality grade D (email requires A or B): {'min_stations': True, 'vr_floor': False, 'az_gap_ok': False} | Mw 4.56 < 5.0 and predicted displacement 0.01 cm < 1 cm",grade_D;too_small_no_disp,v3
2023p310946,2023-04-26T01:12:24.166Z,4.16,4.97,58.0,D,8.5,46.6,3,0.007,"quality grade D (email requires A or B): {'min_stations': True, 'vr_floor': False, 'az_gap_ok': False} | Mw 4.97 < 5.0 and predicted displacement 0.01 cm < 1 cm",grade_D;too_small_no_disp,v3
2023p311490,2023-04-26T06:01:56.438Z,4.17,5.56,54.0,D,16.8,65.1,3,0.044,"quality grade D (email requires A or B): {'min_stations': True, 'vr_floor': False, 'az_gap_ok': False}",grade_D,v3
2023p311814,2023-04-26T08:54:29.932Z,3.94,3.85,30.0,D,38.2,86.6,3,0.0,"quality grade D (email requires A or B): {'min_stations': True, 'vr_floor': False, 'az_gap_ok': True} | Mw 3.85 < 5.0 and predicted displacement 0.00 cm < 1 cm",grade_D;too_small_no_disp,v3
2023p313442,2023-04-26T23:22:06.984Z,4.18,3.81,20.0,D,18.4,99.8,8,0.001,"quality grade D (email requires A or B): {'min_stations': True, 'vr_floor': False, 'az_gap_ok': True} | Mw 3.81 < 5.0 and predicted displacement 0.00 cm < 1 cm",grade_D;too_small_no_disp,v3
2023p316588,2023-04-28T03:18:21.485Z,3.93,5.62,54.0,D,41.1,94.9,5,0.056,"quality grade D (email requires A or B): {'min_stations': True, 'vr_floor': False, 'az_gap_ok': False}",grade_D,v3
2023p319014,2023-04-29T00:50:53.361Z,3.9,3.49,8.0,D,11.5,66.3,3,0.001,"quality grade D (email requires A or B): {'min_stations': True, 'vr_floor': False, 'az_gap_ok': True} | Mw 3.49 < 5.0 and predicted displacement 0.00 cm < 1 cm",grade_D;too_small_no_disp,v3
2023p326201,2023-05-01T16:39:59.586Z,4.25,3.77,1.5,B,61.2,94.2,4,0.123,Mw 3.77 < 5.0 and predicted displacement 0.12 cm < 1 cm | aftershock throttle: Mw 3.77 within 39 km of published 2026p660242 (Mw 5.03),too_small_no_disp;aftershock,v3
2023p345696,2023-05-08T21:47:18.958Z,4.07,3.82,12.0,D,12.4,78.6,3,0.002,"quality grade D (email requires A or B): {'min_stations': True, 'vr_floor': False, 'az_gap_ok': True} | Mw 3.82 < 5.0 and predicted displacement 0.00 cm < 1 cm",grade_D;too_small_no_disp,v3
2023p367190,2023-05-16T20:39:16.907Z,4.53,4.39,34.0,D,35.6,25.3,6,0.001,"quality grade D (email requires A or B): {'min_stations': True, 'vr_floor': False, 'az_gap_ok': True} | Mw 4.39 < 5.0 and predicted displacement 0.00 cm < 1 cm",grade_D;too_small_no_disp,v3
2023p367197,2023-05-16T20:42:46.240Z,4.4,4.2,54.0,D,18.8,88.5,3,0.0,"quality grade D (email requires A or B): {'min_stations': True, 'vr_floor': False, 'az_gap_ok': True} | Mw 4.20 < 5.0 and predicted displacement 0.00 cm < 1 cm",grade_D;too_small_no_disp,v3
2023p370053,2023-05-17T22:04:29.261Z,3.84,3.76,46.0,D,17.5,72.9,3,0.0,"quality grade D (email requires A or B): {'min_stations': True, 'vr_floor': False, 'az_gap_ok': True} | Mw 3.76 < 5.0 and predicted displacement 0.00 cm < 1 cm",grade_D;too_small_no_disp,v3
2023p380717,2023-05-21T20:46:10.014Z,3.75,4.09,58.0,D,11.7,25.1,3,0.0,"quality grade D (email requires A or B): {'min_stations': True, 'vr_floor': False, 'az_gap_ok': True} | Mw 4.09 < 5.0 and predicted displacement 0.00 cm < 1 cm",grade_D;too_small_no_disp,v3
2023p403284,2023-05-30T05:09:47.572Z,3.72,4.43,50.0,D,7.7,80.4,3,0.0,"quality grade D (email requires A or B): {'min_stations': True, 'vr_floor': False, 'az_gap_ok': True} | Mw 4.43 < 5.0 and predicted displacement 0.00 cm < 1 cm",grade_D;too_small_no_disp,v3
2023p413614,2023-06-03T00:53:39.503Z,4.46,4.3,58.0,D,31.8,72.7,3,0.001,"quality grade D (email requires A or B): {'min_stations': True, 'vr_floor': False, 'az_gap_ok': False} | Mw 4.30 < 5.0 and predicted displacement 0.00 cm < 1 cm",grade_D;too_small_no_disp,v3
2023p417611,2023-06-04T12:23:27.406Z,3.84,3.99,58.0,D,11.4,19.0,3,0.0,"quality grade D (email requires A or B): {'min_stations': True, 'vr_floor': False, 'az_gap_ok': True} | Mw 3.99 < 5.0 and predicted displacement 0.00 cm < 1 cm",grade_D;too_small_no_disp,v3
2023p427805,2023-06-08T06:54:43.205Z,4.73,4.55,22.0,D,45.2,90.5,4,0.008,"quality grade D (email requires A or B): {'min_stations': True, 'vr_floor': False, 'az_gap_ok': True} | Mw 4.55 < 5.0 and predicted displacement 0.01 cm < 1 cm",grade_D;too_small_no_disp,v3
2023p428379,2023-06-08T12:00:29.552Z,4.77,4.64,22.0,B,73.3,80.6,5,0.018,Mw 4.64 < 5.0 and predicted displacement 0.02 cm < 1 cm,too_small_no_disp,v3
2023p453112,2023-06-17T15:38:11.102Z,4.34,4.0,5.0,B,67.9,98.8,4,0.021,Mw 4.00 < 5.0 and predicted displacement 0.02 cm < 1 cm | aftershock throttle: Mw 4.00 within 38 km of published 2026p660242 (Mw 5.03),too_small_no_disp;aftershock,v3
2023p461000,2023-06-20T13:40:46.625Z,3.74,3.71,50.0,D,11.6,66.6,3,0.0,"quality grade D (email requires A or B): {'min_stations': True, 'vr_floor': False, 'az_gap_ok': False} | Mw 3.71 < 5.0 and predicted displacement 0.00 cm < 1 cm",grade_D;too_small_no_disp,v3
2023p468073,2023-06-23T04:29:49.176Z,3.94,3.89,20.0,D,24.1,54.4,3,0.001,"quality grade D (email requires A or B): {'min_stations': True, 'vr_floor': False, 'az_gap_ok': False} | Mw 3.89 < 5.0 and predicted displacement 0.00 cm < 1 cm",grade_D;too_small_no_disp,v3
2023p494181,2023-07-02T20:19:57.073Z,4.19,3.75,10.0,D,21.3,43.2,3,0.004,"quality grade D (email requires A or B): {'min_stations': True, 'vr_floor': False, 'az_gap_ok': False} | Mw 3.75 < 5.0 and predicted displacement 0.00 cm < 1 cm",grade_D;too_small_no_disp,v3
2023p495879,2023-07-03T11:24:51.186Z,4.11,3.93,7.0,D,20.9,96.1,3,0.011,"quality grade D (email requires A or B): {'min_stations': True, 'vr_floor': False, 'az_gap_ok': False} | Mw 3.93 < 5.0 and predicted displacement 0.01 cm < 1 cm",grade_D;too_small_no_disp,v3
2023p496450,2023-07-03T16:29:05.195Z,4.37,3.71,20.0,D,47.6,97.2,3,0.001,"quality grade D (email requires A or B): {'min_stations': True, 'vr_floor': False, 'az_gap_ok': False} | Mw 3.71 < 5.0 and predicted displacement 0.00 cm < 1 cm",grade_D;too_small_no_disp,v3
2023p529061,2023-07-15T18:04:08.348Z,4.0,4.55,54.0,D,12.2,69.4,3,0.002,"quality grade D (email requires A or B): {'min_stations': True, 'vr_floor': False, 'az_gap_ok': False} | Mw 4.55 < 5.0 and predicted displacement 0.00 cm < 1 cm",grade_D;too_small_no_disp,v3
2023p533189,2023-07-17T06:43:28.046Z,3.83,3.93,46.0,D,30.1,66.9,5,0.0,"quality grade D (email requires A or B): {'min_stations': True, 'vr_floor': False, 'az_gap_ok': True} | Mw 3.93 < 5.0 and predicted displacement 0.00 cm < 1 cm",grade_D;too_small_no_disp,v3
2023p547073,2023-07-22T10:00:31.248Z,4.16,3.67,5.0,D,15.8,93.6,3,0.009,"quality grade D (email requires A or B): {'min_stations': True, 'vr_floor': False, 'az_gap_ok': False} | Mw 3.67 < 5.0 and predicted displacement 0.01 cm < 1 cm | aftershock throttle: Mw 3.67 within 47 km of published 2026p660242 (Mw 5.03)",grade_D;too_small_no_disp;aftershock,v3
2023p552478,2023-07-24T10:00:26.066Z,4.25,3.71,10.0,D,15.2,45.0,3,0.002,"quality grade D (email requires A or B): {'min_stations': True, 'vr_floor': False, 'az_gap_ok': False} | Mw 3.71 < 5.0 and predicted displacement 0.00 cm < 1 cm",grade_D;too_small_no_disp,v3
2023p585584,2023-08-05T15:59:38.790Z,5.33,4.68,42.0,C,72.3,83.6,8,0.003,"quality grade C (email requires A or B): {'min_stations': True, 'vr_floor': True, 'az_gap_ok': False} | Mw 4.68 < 5.0 and predicted displacement 0.00 cm < 1 cm",grade_C;too_small_no_disp,v3
2023p588713,2023-08-06T19:46:38.962Z,4.38,3.81,26.0,D,16.5,60.5,3,0.0,"quality grade D (email requires A or B): {'min_stations': True, 'vr_floor': False, 'az_gap_ok': False} | Mw 3.81 < 5.0 and predicted displacement 0.00 cm < 1 cm",grade_D;too_small_no_disp,v3
2023p591792,2023-08-07T23:07:11.222Z,4.06,4.02,38.0,D,12.8,48.0,3,0.001,"quality grade D (email requires A or B): {'min_stations': True, 'vr_floor': False, 'az_gap_ok': False} | Mw 4.02 < 5.0 and predicted displacement 0.00 cm < 1 cm",grade_D;too_small_no_disp,v3
2023p609810,2023-08-14T15:06:50.515Z,3.75,3.75,26.0,D,7.6,70.6,3,0.0,"quality grade D (email requires A or B): {'min_stations': True, 'vr_floor': False, 'az_gap_ok': False} | Mw 3.75 < 5.0 and predicted displacement 0.00 cm < 1 cm",grade_D;too_small_no_disp,v3
2023p615622,2023-08-16T18:43:47.219Z,3.74,3.83,38.0,D,24.8,92.7,3,0.0,"quality grade D (email requires A or B): {'min_stations': True, 'vr_floor': False, 'az_gap_ok': False} | Mw 3.83 < 5.0 and predicted displacement 0.00 cm < 1 cm",grade_D;too_small_no_disp,v3
2023p619096,2023-08-18T01:34:23.008Z,4.74,4.15,28.0,B,69.7,85.9,7,0.002,Mw 4.15 < 5.0 and predicted displacement 0.00 cm < 1 cm,too_small_no_disp,v3
2023p660020,2023-09-02T04:59:04.366Z,3.83,3.78,58.0,D,10.6,99.6,3,0.0,"quality grade D (email requires A or B): {'min_stations': True, 'vr_floor': False, 'az_gap_ok': False} | Mw 3.78 < 5.0 and predicted displacement 0.00 cm < 1 cm",grade_D;too_small_no_disp,v3
2023p662731,2023-09-03T05:03:26.938Z,4.24,4.19,50.0,D,14.3,64.4,5,0.001,"quality grade D (email requires A or B): {'min_stations': True, 'vr_floor': False, 'az_gap_ok': False} | Mw 4.19 < 5.0 and predicted displacement 0.00 cm < 1 cm",grade_D;too_small_no_disp,v3
2023p664786,2023-09-03T23:18:12.843Z,3.86,4.51,54.0,D,19.9,67.6,3,0.002,"quality grade D (email requires A or B): {'min_stations': True, 'vr_floor': False, 'az_gap_ok': False} | Mw 4.51 < 5.0 and predicted displacement 0.00 cm < 1 cm",grade_D;too_small_no_disp,v3
2023p707798,2023-09-19T21:14:49.067Z,5.97,5.89,1.0,A,75.5,89.7,7,23.872,passed all publication gates,,v3
2023p708255,2023-09-20T01:18:23.453Z,3.82,3.56,6.0,D,19.4,42.1,4,0.004,"quality grade D (email requires A or B): {'min_stations': True, 'vr_floor': False, 'az_gap_ok': True} | Mw 3.56 < 5.0 and predicted displacement 0.00 cm < 1 cm",grade_D;too_small_no_disp,v3
2023p715934,2023-09-22T21:29:47.808Z,4.03,4.63,58.0,D,5.6,49.8,3,0.002,"quality grade D (email requires A or B): {'min_stations': True, 'vr_floor': False, 'az_gap_ok': False} | Mw 4.63 < 5.0 and predicted displacement 0.00 cm < 1 cm",grade_D;too_small_no_disp,v3
2023p728259,2023-09-27T10:56:41.659Z,4.71,3.97,10.0,D,40.1,98.9,6,0.009,"quality grade D (email requires A or B): {'min_stations': True, 'vr_floor': False, 'az_gap_ok': True} | Mw 3.97 < 5.0 and predicted displacement 0.01 cm < 1 cm",grade_D;too_small_no_disp,v3
2023p760289,2023-10-09T07:22:03.306Z,4.5,4.22,3.5,D,46.7,98.5,3,0.11,"quality grade D (email requires A or B): {'min_stations': True, 'vr_floor': False, 'az_gap_ok': False} | Mw 4.22 < 5.0 and predicted displacement 0.11 cm < 1 cm",grade_D;too_small_no_disp,v3
2023p760636,2023-10-09T10:27:03.414Z,3.8,5.34,58.0,D,10.3,54.3,3,0.029,"quality grade D (email requires A or B): {'min_stations': True, 'vr_floor': False, 'az_gap_ok': False}",grade_D,v3
2023p768238,2023-10-12T05:57:33.878Z,3.91,3.76,16.0,B,76.5,99.8,3,0.001,Mw 3.76 < 5.0 and predicted displacement 0.00 cm < 1 cm,too_small_no_disp,v3
2023p769107,2023-10-12T13:40:23.080Z,4.5,4.21,6.0,D,18.2,99.8,6,0.047,"quality grade D (email requires A or B): {'min_stations': True, 'vr_floor': False, 'az_gap_ok': True} | Mw 4.21 < 5.0 and predicted displacement 0.05 cm < 1 cm",grade_D;too_small_no_disp,v3
2023p775283,2023-10-14T20:30:57.057Z,3.75,4.85,58.0,D,25.4,77.8,3,0.003,"quality grade D (email requires A or B): {'min_stations': True, 'vr_floor': False, 'az_gap_ok': True} | Mw 4.85 < 5.0 and predicted displacement 0.00 cm < 1 cm",grade_D;too_small_no_disp,v3
2023p798327,2023-10-23T09:09:04.193Z,5.14,4.51,5.0,B,64.3,68.5,8,0.133,Mw 4.51 < 5.0 and predicted displacement 0.13 cm < 1 cm,too_small_no_disp,v3
2023p816524,2023-10-30T02:44:16.991Z,4.23,3.9,24.0,C,61.7,39.0,3,0.0,"quality grade C (email requires A or B): {'min_stations': True, 'vr_floor': True, 'az_gap_ok': False} | Mw 3.90 < 5.0 and predicted displacement 0.00 cm < 1 cm",grade_C;too_small_no_disp,v3
2023p830543,2023-11-04T07:13:31.233Z,4.34,3.95,3.0,B,67.5,97.6,8,0.045,Mw 3.95 < 5.0 and predicted displacement 0.04 cm < 1 cm,too_small_no_disp,v3
2023p853474,2023-11-12T18:51:22.796Z,4.15,4.06,1.0,D,43.6,94.9,5,1.166,"quality grade D (email requires A or B): {'min_stations': True, 'vr_floor': False, 'az_gap_ok': True}",grade_D,v3
2023p860098,2023-11-15T05:40:40.322Z,3.87,4.34,54.0,D,13.1,50.0,3,0.0,"quality grade D (email requires A or B): {'min_stations': True, 'vr_floor': False, 'az_gap_ok': True} | Mw 4.34 < 5.0 and predicted displacement 0.00 cm < 1 cm",grade_D;too_small_no_disp,v3
2023p868767,2023-11-18T10:39:24.199Z,3.81,4.71,50.0,D,3.5,37.9,3,0.003,"quality grade D (email requires A or B): {'min_stations': True, 'vr_floor': False, 'az_gap_ok': False} | Mw 4.71 < 5.0 and predicted displacement 0.00 cm < 1 cm",grade_D;too_small_no_disp,v3
2023p873042,2023-11-20T00:36:22.945Z,5.19,5.08,42.0,D,19.1,49.9,6,0.007,"quality grade D (email requires A or B): {'min_stations': True, 'vr_floor': False, 'az_gap_ok': False}",grade_D,v3
2023p880034,2023-11-22T14:42:27.608Z,3.82,3.49,10.0,B,62.3,82.9,3,0.001,Mw 3.49 < 5.0 and predicted displacement 0.00 cm < 1 cm,too_small_no_disp,v3
2023p909646,2023-12-03T13:39:38.598Z,3.81,4.25,50.0,D,6.5,14.2,3,0.001,"quality grade D (email requires A or B): {'min_stations': True, 'vr_floor': False, 'az_gap_ok': False} | Mw 4.25 < 5.0 and predicted displacement 0.00 cm < 1 cm",grade_D;too_small_no_disp,v3
2023p913692,2023-12-05T01:35:22.875Z,3.83,3.85,28.0,D,17.5,75.0,3,0.0,"quality grade D (email requires A or B): {'min_stations': True, 'vr_floor': False, 'az_gap_ok': False} | Mw 3.85 < 5.0 and predicted displacement 0.00 cm < 1 cm",grade_D;too_small_no_disp,v3
2023p923930,2023-12-08T20:30:15.835Z,4.38,4.21,10.0,B,61.3,99.3,4,0.019,Mw 4.21 < 5.0 and predicted displacement 0.02 cm < 1 cm,too_small_no_disp,v3
2023p925012,2023-12-09T06:06:29.837Z,4.11,4.2,4.5,D,40.2,65.4,3,0.034,"quality grade D (email requires A or B): {'min_stations': True, 'vr_floor': False, 'az_gap_ok': False} | Mw 4.20 < 5.0 and predicted displacement 0.03 cm < 1 cm",grade_D;too_small_no_disp,v3
2023p930635,2023-12-11T08:02:22.278Z,3.82,3.9,58.0,D,5.7,25.7,4,0.0,"quality grade D (email requires A or B): {'min_stations': True, 'vr_floor': False, 'az_gap_ok': True} | Mw 3.90 < 5.0 and predicted displacement 0.00 cm < 1 cm",grade_D;too_small_no_disp,v3
2023p945881,2023-12-16T23:25:10.900Z,3.97,4.58,54.0,D,14.4,40.4,2,0.002,"quality grade D (email requires A or B): {'min_stations': False, 'vr_floor': False, 'az_gap_ok': False} | Mw 4.58 < 5.0 and predicted displacement 0.00 cm < 1 cm",grade_D;too_small_no_disp,v3
2023p946092,2023-12-17T01:17:55.667Z,3.9,4.64,54.0,D,13.9,76.2,3,0.002,"quality grade D (email requires A or B): {'min_stations': True, 'vr_floor': False, 'az_gap_ok': False} | Mw 4.64 < 5.0 and predicted displacement 0.00 cm < 1 cm",grade_D;too_small_no_disp,v3
2023p955204,2023-12-20T10:12:43.547Z,3.76,3.73,28.0,D,35.7,36.1,3,0.0,"quality grade D (email requires A or B): {'min_stations': True, 'vr_floor': False, 'az_gap_ok': False} | Mw 3.73 < 5.0 and predicted displacement 0.00 cm < 1 cm",grade_D;too_small_no_disp,v3
2023p963958,2023-12-23T15:56:58.824Z,4.51,4.33,18.0,C,58.9,55.6,5,0.007,"quality grade C (email requires A or B): {'min_stations': True, 'vr_floor': True, 'az_gap_ok': False} | Mw 4.33 < 5.0 and predicted displacement 0.01 cm < 1 cm",grade_C;too_small_no_disp,v3
2024p011131,2024-01-05T02:51:03.533Z,3.81,3.95,9.0,D,0.6,68.5,3,0.006,"quality grade D (email requires A or B): {'min_stations': True, 'vr_floor': False, 'az_gap_ok': True} | Mw 3.95 < 5.0 and predicted displacement 0.01 cm < 1 cm",grade_D;too_small_no_disp,v3
2024p030370,2024-01-12T05:41:19.881Z,3.92,3.75,34.0,D,16.2,25.3,3,0.0,"quality grade D (email requires A or B): {'min_stations': True, 'vr_floor': False, 'az_gap_ok': False} | Mw 3.75 < 5.0 and predicted displacement 0.00 cm < 1 cm",grade_D;too_small_no_disp,v3
2024p033541,2024-01-13T09:50:58.876Z,4.02,3.7,16.0,C,56.1,84.2,4,0.001,"quality grade C (email requires A or B): {'min_stations': True, 'vr_floor': True, 'az_gap_ok': True} | Mw 3.70 < 5.0 and predicted displacement 0.00 cm < 1 cm",grade_C;too_small_no_disp,v3
2024p037148,2024-01-14T17:52:29.022Z,4.35,4.33,28.0,D,23.2,34.4,3,0.004,"quality grade D (email requires A or B): {'min_stations': True, 'vr_floor': False, 'az_gap_ok': False} | Mw 4.33 < 5.0 and predicted displacement 0.00 cm < 1 cm",grade_D;too_small_no_disp,v3
2024p051849,2024-01-20T04:25:34.810Z,4.72,4.42,50.0,D,18.5,45.8,6,0.001,"quality grade D (email requires A or B): {'min_stations': True, 'vr_floor': False, 'az_gap_ok': True} | Mw 4.42 < 5.0 and predicted displacement 0.00 cm < 1 cm",grade_D;too_small_no_disp,v3
2024p054992,2024-01-21T08:19:59.482Z,3.71,3.74,34.0,D,9.8,83.6,3,0.0,"quality grade D (email requires A or B): {'min_stations': True, 'vr_floor': False, 'az_gap_ok': True} | Mw 3.74 < 5.0 and predicted displacement 0.00 cm < 1 cm",grade_D;too_small_no_disp,v3
2024p055884,2024-01-21T16:15:00.547Z,3.86,3.84,50.0,D,23.8,41.0,3,0.0,"quality grade D (email requires A or B): {'min_stations': True, 'vr_floor': False, 'az_gap_ok': True} | Mw 3.84 < 5.0 and predicted displacement 0.00 cm < 1 cm",grade_D;too_small_no_disp,v3
2024p063773,2024-01-24T14:18:38.005Z,5.21,5.1,7.0,B,65.0,25.4,7,0.515,passed all publication gates,,v3
2024p063795,2024-01-24T14:30:11.910Z,4.03,3.87,2.5,D,25.6,83.5,3,0.082,"quality grade D (email requires A or B): {'min_stations': True, 'vr_floor': False, 'az_gap_ok': True} | Mw 3.87 < 5.0 and predicted displacement 0.08 cm < 1 cm",grade_D;too_small_no_disp,v3
2024p064553,2024-01-24T21:14:15.224Z,3.8,4.03,38.0,C,57.3,79.4,3,0.0,"quality grade C (email requires A or B): {'min_stations': True, 'vr_floor': True, 'az_gap_ok': True} | Mw 4.03 < 5.0 and predicted displacement 0.00 cm < 1 cm",grade_C;too_small_no_disp,v3
2024p070535,2024-01-27T02:21:08.300Z,3.83,3.7,14.0,D,39.6,100.0,4,0.001,"quality grade D (email requires A or B): {'min_stations': True, 'vr_floor': False, 'az_gap_ok': False} | Mw 3.70 < 5.0 and predicted displacement 0.00 cm < 1 cm",grade_D;too_small_no_disp,v3
2024p078815,2024-01-30T03:52:57.327Z,3.84,3.67,6.0,D,32.6,95.9,3,0.006,"quality grade D (email requires A or B): {'min_stations': True, 'vr_floor': False, 'az_gap_ok': False} | Mw 3.67 < 5.0 and predicted displacement 0.01 cm < 1 cm",grade_D;too_small_no_disp,v3
2024p086249,2024-02-01T21:53:59.437Z,3.94,4.07,58.0,D,4.0,56.7,3,0.0,"quality grade D (email requires A or B): {'min_stations': True, 'vr_floor': False, 'az_gap_ok': False} | Mw 4.07 < 5.0 and predicted displacement 0.00 cm < 1 cm",grade_D;too_small_no_disp,v3
2024p117596,2024-02-13T12:15:28.968Z,4.04,3.79,3.5,D,35.3,98.2,3,0.026,"quality grade D (email requires A or B): {'min_stations': True, 'vr_floor': False, 'az_gap_ok': False} | Mw 3.79 < 5.0 and predicted displacement 0.03 cm < 1 cm",grade_D;too_small_no_disp,v3
2024p152292,2024-02-26T08:21:12.820Z,5.09,4.36,5.0,D,39.2,93.2,8,0.07,"quality grade D (email requires A or B): {'min_stations': True, 'vr_floor': False, 'az_gap_ok': True} | Mw 4.36 < 5.0 and predicted displacement 0.07 cm < 1 cm",grade_D;too_small_no_disp,v3
2024p158594,2024-02-28T16:18:55.972Z,4.67,4.4,34.0,C,51.3,67.8,7,0.002,"quality grade C (email requires A or B): {'min_stations': True, 'vr_floor': True, 'az_gap_ok': True} | Mw 4.40 < 5.0 and predicted displacement 0.00 cm < 1 cm",grade_C;too_small_no_disp,v3
2024p164270,2024-03-01T18:43:14.737Z,3.81,3.76,26.0,D,18.9,92.2,3,0.0,"quality grade D (email requires A or B): {'min_stations': True, 'vr_floor': False, 'az_gap_ok': False} | Mw 3.76 < 5.0 and predicted displacement 0.00 cm < 1 cm | aftershock throttle: Mw 3.76 within 8 km of published 2026p660242 (Mw 5.03)",grade_D;too_small_no_disp;aftershock,v3
2024p170020,2024-03-03T21:47:06.141Z,4.18,4.25,54.0,D,28.0,82.3,3,0.0,"quality grade D (email requires A or B): {'min_stations': True, 'vr_floor': False, 'az_gap_ok': False} | Mw 4.25 < 5.0 and predicted displacement 0.00 cm < 1 cm",grade_D;too_small_no_disp,v3
2024p191510,2024-03-11T20:36:40.469Z,3.88,3.92,24.0,D,11.1,65.0,7,0.001,"quality grade D (email requires A or B): {'min_stations': True, 'vr_floor': False, 'az_gap_ok': True} | Mw 3.92 < 5.0 and predicted displacement 0.00 cm < 1 cm",grade_D;too_small_no_disp,v3
2024p202925,2024-03-16T01:58:56.021Z,4.59,4.46,58.0,D,18.2,47.3,3,0.001,"quality grade D (email requires A or B): {'min_stations': True, 'vr_floor': False, 'az_gap_ok': False} | Mw 4.46 < 5.0 and predicted displacement 0.00 cm < 1 cm",grade_D;too_small_no_disp,v3
2024p220113,2024-03-22T10:36:33.727Z,5.36,4.74,3.0,B,82.1,97.0,5,0.58,Mw 4.74 < 5.0 and predicted displacement 0.58 cm < 1 cm,too_small_no_disp,v3
2024p234231,2024-03-27T15:58:33.022Z,4.1,3.64,1.5,D,44.1,95.2,3,0.061,"quality grade D (email requires A or B): {'min_stations': True, 'vr_floor': False, 'az_gap_ok': True} | Mw 3.64 < 5.0 and predicted displacement 0.06 cm < 1 cm | aftershock throttle: Mw 3.64 within 29 km of published 2026p660242 (Mw 5.03)",grade_D;too_small_no_disp;aftershock,v3
2024p234811,2024-03-27T21:07:31.827Z,3.81,3.88,58.0,D,4.7,41.9,3,0.0,"quality grade D (email requires A or B): {'min_stations': True, 'vr_floor': False, 'az_gap_ok': True} | Mw 3.88 < 5.0 and predicted displacement 0.00 cm < 1 cm",grade_D;too_small_no_disp,v3
2024p249286,2024-04-02T05:39:44.898Z,4.52,4.24,6.0,B,61.5,85.7,10,0.026,Mw 4.24 < 5.0 and predicted displacement 0.03 cm < 1 cm,too_small_no_disp,v3
2024p250515,2024-04-02T16:34:37.899Z,4.46,4.19,1.0,D,33.5,69.4,10,1.77,"quality grade D (email requires A or B): {'min_stations': True, 'vr_floor': False, 'az_gap_ok': True}",grade_D,v3
2024p254125,2024-04-04T00:38:12.868Z,3.76,3.76,14.0,D,11.6,82.9,3,0.001,"quality grade D (email requires A or B): {'min_stations': True, 'vr_floor': False, 'az_gap_ok': False} | Mw 3.76 < 5.0 and predicted displacement 0.00 cm < 1 cm",grade_D;too_small_no_disp,v3
2024p260656,2024-04-06T10:37:57.064Z,5.06,4.67,1.0,B,66.1,98.3,6,3.51,passed all publication gates,,v3
2024p260848,2024-04-06T12:20:08.824Z,3.83,4.07,58.0,D,16.7,63.1,3,0.0,"quality grade D (email requires A or B): {'min_stations': True, 'vr_floor': False, 'az_gap_ok': True} | Mw 4.07 < 5.0 and predicted displacement 0.00 cm < 1 cm",grade_D;too_small_no_disp,v3
2024p268853,2024-04-09T11:25:43.286Z,4.18,4.6,54.0,D,5.1,75.7,3,0.001,"quality grade D (email requires A or B): {'min_stations': True, 'vr_floor': False, 'az_gap_ok': True} | Mw 4.60 < 5.0 and predicted displacement 0.00 cm < 1 cm",grade_D;too_small_no_disp,v3
2024p276832,2024-04-12T10:16:11.734Z,3.73,3.7,7.0,D,16.2,61.6,3,0.006,"quality grade D (email requires A or B): {'min_stations': True, 'vr_floor': False, 'az_gap_ok': True} | Mw 3.70 < 5.0 and predicted displacement 0.01 cm < 1 cm",grade_D;too_small_no_disp,v3
2024p280440,2024-04-13T18:18:51.615Z,4.03,3.68,1.0,D,3.6,7.0,3,0.283,"quality grade D (email requires A or B): {'min_stations': True, 'vr_floor': False, 'az_gap_ok': False} | Mw 3.68 < 5.0 and predicted displacement 0.28 cm < 1 cm",grade_D;too_small_no_disp,v3
2024p288570,2024-04-16T18:30:13.854Z,4.64,4.77,58.0,D,16.2,35.3,3,0.003,"quality grade D (email requires A or B): {'min_stations': True, 'vr_floor': False, 'az_gap_ok': True} | Mw 4.77 < 5.0 and predicted displacement 0.00 cm < 1 cm",grade_D;too_small_no_disp,v3
2024p316375,2024-04-27T01:25:07.698Z,3.93,4.27,58.0,D,10.0,76.7,3,0.0,"quality grade D (email requires A or B): {'min_stations': True, 'vr_floor': False, 'az_gap_ok': True} | Mw 4.27 < 5.0 and predicted displacement 0.00 cm < 1 cm",grade_D;too_small_no_disp,v3
2024p317184,2024-04-27T08:36:05.591Z,4.17,3.91,5.0,D,29.9,98.5,4,0.028,"quality grade D (email requires A or B): {'min_stations': True, 'vr_floor': False, 'az_gap_ok': True} | Mw 3.91 < 5.0 and predicted displacement 0.03 cm < 1 cm",grade_D;too_small_no_disp,v3
2024p336893,2024-05-04T15:36:50.609Z,4.1,3.82,12.0,D,45.4,93.8,4,0.001,"quality grade D (email requires A or B): {'min_stations': True, 'vr_floor': False, 'az_gap_ok': True} | Mw 3.82 < 5.0 and predicted displacement 0.00 cm < 1 cm",grade_D;too_small_no_disp,v3
2024p337659,2024-05-04T22:24:50.083Z,4.39,4.03,18.0,D,47.0,41.2,3,0.003,"quality grade D (email requires A or B): {'min_stations': True, 'vr_floor': False, 'az_gap_ok': False} | Mw 4.03 < 5.0 and predicted displacement 0.00 cm < 1 cm",grade_D;too_small_no_disp,v3
2024p371291,2024-05-17T09:04:14.457Z,3.84,4.24,58.0,D,5.9,67.0,3,0.0,"quality grade D (email requires A or B): {'min_stations': True, 'vr_floor': False, 'az_gap_ok': False} | Mw 4.24 < 5.0 and predicted displacement 0.00 cm < 1 cm",grade_D;too_small_no_disp,v3
2024p385316,2024-05-22T13:36:32.705Z,3.9,3.9,58.0,D,6.0,17.6,3,0.0,"quality grade D (email requires A or B): {'min_stations': True, 'vr_floor': False, 'az_gap_ok': False} | Mw 3.90 < 5.0 and predicted displacement 0.00 cm < 1 cm",grade_D;too_small_no_disp,v3
2024p385440,2024-05-22T14:42:35.793Z,3.84,3.88,58.0,D,6.8,89.2,3,0.0,"quality grade D (email requires A or B): {'min_stations': True, 'vr_floor': False, 'az_gap_ok': True} | Mw 3.88 < 5.0 and predicted displacement 0.00 cm < 1 cm",grade_D;too_small_no_disp,v3
2024p412020,2024-06-01T10:44:06.625Z,4.85,4.38,1.0,C,52.2,46.1,6,2.395,"quality grade C (email requires A or B): {'min_stations': True, 'vr_floor': True, 'az_gap_ok': False}",grade_C,v3
2024p412027,2024-06-01T10:47:08.533Z,4.76,4.35,1.0,D,45.5,42.0,6,2.422,"quality grade D (email requires A or B): {'min_stations': True, 'vr_floor': False, 'az_gap_ok': False}",grade_D,v3
2024p415779,2024-06-02T20:07:30.281Z,3.86,4.21,58.0,D,13.0,31.2,3,0.0,"quality grade D (email requires A or B): {'min_stations': True, 'vr_floor': False, 'az_gap_ok': False} | Mw 4.21 < 5.0 and predicted displacement 0.00 cm < 1 cm",grade_D;too_small_no_disp,v3
2024p417182,2024-06-03T08:34:46.294Z,4.82,4.41,26.0,D,17.6,56.8,3,0.004,"quality grade D (email requires A or B): {'min_stations': True, 'vr_floor': False, 'az_gap_ok': False} | Mw 4.41 < 5.0 and predicted displacement 0.00 cm < 1 cm",grade_D;too_small_no_disp,v3
2024p417352,2024-06-03T10:05:52.056Z,4.14,3.86,30.0,D,8.9,12.4,3,0.0,"quality grade D (email requires A or B): {'min_stations': True, 'vr_floor': False, 'az_gap_ok': True} | Mw 3.86 < 5.0 and predicted displacement 0.00 cm < 1 cm",grade_D;too_small_no_disp,v3
2024p445044,2024-06-13T15:59:45.807Z,3.76,4.35,58.0,D,27.8,49.7,3,0.001,"quality grade D (email requires A or B): {'min_stations': True, 'vr_floor': False, 'az_gap_ok': False} | Mw 4.35 < 5.0 and predicted displacement 0.00 cm < 1 cm",grade_D;too_small_no_disp,v3
2024p456076,2024-06-17T17:57:25.433Z,3.91,3.98,54.0,D,34.0,58.0,6,0.0,"quality grade D (email requires A or B): {'min_stations': True, 'vr_floor': False, 'az_gap_ok': True} | Mw 3.98 < 5.0 and predicted displacement 0.00 cm < 1 cm",grade_D;too_small_no_disp,v3
2024p458314,2024-06-18T13:49:47.306Z,4.42,4.46,30.0,C,57.9,84.5,7,0.005,"quality grade C (email requires A or B): {'min_stations': True, 'vr_floor': True, 'az_gap_ok': True} | Mw 4.46 < 5.0 and predicted displacement 0.01 cm < 1 cm",grade_C;too_small_no_disp,v3
2024p486281,2024-06-28T22:10:34.633Z,4.03,4.81,58.0,D,26.5,65.2,3,0.003,"quality grade D (email requires A or B): {'min_stations': True, 'vr_floor': False, 'az_gap_ok': True} | Mw 4.81 < 5.0 and predicted displacement 0.00 cm < 1 cm",grade_D;too_small_no_disp,v3
2024p487226,2024-06-29T06:34:16.566Z,3.93,3.81,20.0,D,35.8,86.5,3,0.001,"quality grade D (email requires A or B): {'min_stations': True, 'vr_floor': False, 'az_gap_ok': True} | Mw 3.81 < 5.0 and predicted displacement 0.00 cm < 1 cm",grade_D;too_small_no_disp,v3
2024p487253,2024-06-29T06:48:51.380Z,3.88,3.95,34.0,D,34.0,72.3,4,0.001,"quality grade D (email requires A or B): {'min_stations': True, 'vr_floor': False, 'az_gap_ok': True} | Mw 3.95 < 5.0 and predicted displacement 0.00 cm < 1 cm",grade_D;too_small_no_disp,v3
2024p487335,2024-06-29T07:32:26.110Z,4.02,4.61,58.0,D,10.8,48.4,3,0.002,"quality grade D (email requires A or B): {'min_stations': True, 'vr_floor': False, 'az_gap_ok': False} | Mw 4.61 < 5.0 and predicted displacement 0.00 cm < 1 cm",grade_D;too_small_no_disp,v3
2024p504198,2024-07-05T13:17:04.756Z,4.03,4.0,46.0,D,2.3,61.8,3,0.0,"quality grade D (email requires A or B): {'min_stations': True, 'vr_floor': False, 'az_gap_ok': True} | Mw 4.00 < 5.0 and predicted displacement 0.00 cm < 1 cm",grade_D;too_small_no_disp,v3
2024p534489,2024-07-16T18:15:56.502Z,4.18,3.98,42.0,D,14.5,53.1,4,0.001,"quality grade D (email requires A or B): {'min_stations': True, 'vr_floor': False, 'az_gap_ok': False} | Mw 3.98 < 5.0 and predicted displacement 0.00 cm < 1 cm",grade_D;too_small_no_disp,v3
2024p541235,2024-07-19T06:10:23.010Z,4.3,4.38,58.0,D,5.8,46.2,3,0.001,"quality grade D (email requires A or B): {'min_stations': True, 'vr_floor': False, 'az_gap_ok': False} | Mw 4.38 < 5.0 and predicted displacement 0.00 cm < 1 cm",grade_D;too_small_no_disp,v3
2024p545381,2024-07-20T18:59:10.761Z,4.1,4.23,58.0,D,33.5,57.5,6,0.0,"quality grade D (email requires A or B): {'min_stations': True, 'vr_floor': False, 'az_gap_ok': True} | Mw 4.23 < 5.0 and predicted displacement 0.00 cm < 1 cm",grade_D;too_small_no_disp,v3
2024p547378,2024-07-21T12:42:30.192Z,4.31,3.93,22.0,B,66.7,81.8,4,0.001,Mw 3.93 < 5.0 and predicted displacement 0.00 cm < 1 cm,too_small_no_disp,v3
2024p563326,2024-07-27T10:20:25.264Z,4.61,4.58,3.5,B,64.0,66.8,7,0.537,Mw 4.58 < 5.0 and predicted displacement 0.54 cm < 1 cm,too_small_no_disp,v3
2024p570443,2024-07-30T01:32:06.143Z,3.87,4.99,58.0,D,4.8,91.3,3,0.004,"quality grade D (email requires A or B): {'min_stations': True, 'vr_floor': False, 'az_gap_ok': True} | Mw 4.99 < 5.0 and predicted displacement 0.00 cm < 1 cm",grade_D;too_small_no_disp,v3
2024p573267,2024-07-31T02:36:49.380Z,3.98,3.82,14.0,D,43.0,53.5,3,0.001,"quality grade D (email requires A or B): {'min_stations': True, 'vr_floor': False, 'az_gap_ok': True} | Mw 3.82 < 5.0 and predicted displacement 0.00 cm < 1 cm",grade_D;too_small_no_disp,v3
2024p586390,2024-08-04T23:08:54.911Z,4.54,4.6,18.0,D,23.9,37.9,4,0.019,"quality grade D (email requires A or B): {'min_stations': True, 'vr_floor': False, 'az_gap_ok': False} | Mw 4.60 < 5.0 and predicted displacement 0.02 cm < 1 cm",grade_D;too_small_no_disp,v3
2024p587797,2024-08-05T11:38:37.569Z,4.8,4.17,3.0,D,43.1,92.1,7,0.107,"quality grade D (email requires A or B): {'min_stations': True, 'vr_floor': False, 'az_gap_ok': True} | Mw 4.17 < 5.0 and predicted displacement 0.11 cm < 1 cm",grade_D;too_small_no_disp,v3
2024p603968,2024-08-11T11:14:28.341Z,3.71,3.94,30.0,D,12.0,40.0,3,0.001,"quality grade D (email requires A or B): {'min_stations': True, 'vr_floor': False, 'az_gap_ok': True} | Mw 3.94 < 5.0 and predicted displacement 0.00 cm < 1 cm",grade_D;too_small_no_disp,v3
2024p610559,2024-08-13T21:45:55.950Z,3.86,3.5,26.0,D,5.9,79.8,3,0.0,"quality grade D (email requires A or B): {'min_stations': True, 'vr_floor': False, 'az_gap_ok': False} | Mw 3.50 < 5.0 and predicted displacement 0.00 cm < 1 cm",grade_D;too_small_no_disp,v3
2024p614408,2024-08-15T07:57:07.020Z,3.73,4.09,46.0,D,10.3,74.1,3,0.0,"quality grade D (email requires A or B): {'min_stations': True, 'vr_floor': False, 'az_gap_ok': True} | Mw 4.09 < 5.0 and predicted displacement 0.00 cm < 1 cm",grade_D;too_small_no_disp,v3
2024p614654,2024-08-15T10:07:35.337Z,4.52,4.01,1.0,D,46.6,33.3,10,1.056,"quality grade D (email requires A or B): {'min_stations': True, 'vr_floor': False, 'az_gap_ok': True}",grade_D,v3
2024p628720,2024-08-20T15:02:18.806Z,3.83,4.55,58.0,D,9.9,6.1,3,0.001,"quality grade D (email requires A or B): {'min_stations': True, 'vr_floor': False, 'az_gap_ok': True} | Mw 4.55 < 5.0 and predicted displacement 0.00 cm < 1 cm",grade_D;too_small_no_disp,v3
2024p629674,2024-08-20T23:30:20.924Z,3.74,3.3,4.5,D,43.7,99.7,3,0.002,"quality grade D (email requires A or B): {'min_stations': True, 'vr_floor': False, 'az_gap_ok': True} | Mw 3.30 < 5.0 and predicted displacement 0.00 cm < 1 cm | aftershock throttle: Mw 3.30 within 26 km of published 2026p660242 (Mw 5.03)",grade_D;too_small_no_disp;aftershock,v3
2024p653998,2024-08-29T23:30:17.685Z,3.75,4.12,4.0,D,3.2,74.5,3,0.091,"quality grade D (email requires A or B): {'min_stations': True, 'vr_floor': False, 'az_gap_ok': True} | Mw 4.12 < 5.0 and predicted displacement 0.09 cm < 1 cm",grade_D;too_small_no_disp,v3
2024p671044,2024-09-05T06:52:17.491Z,4.15,3.78,12.0,D,19.3,94.3,3,0.002,"quality grade D (email requires A or B): {'min_stations': True, 'vr_floor': False, 'az_gap_ok': False} | Mw 3.78 < 5.0 and predicted displacement 0.00 cm < 1 cm",grade_D;too_small_no_disp,v3
2024p684268,2024-09-10T04:18:00.366Z,4.69,4.64,28.0,D,38.9,48.8,7,0.009,"quality grade D (email requires A or B): {'min_stations': True, 'vr_floor': False, 'az_gap_ok': True} | Mw 4.64 < 5.0 and predicted displacement 0.01 cm < 1 cm",grade_D;too_small_no_disp,v3
2024p691744,2024-09-12T22:41:36.409Z,3.98,4.11,58.0,D,16.5,72.0,3,0.0,"quality grade D (email requires A or B): {'min_stations': True, 'vr_floor': False, 'az_gap_ok': False} | Mw 4.11 < 5.0 and predicted displacement 0.00 cm < 1 cm",grade_D;too_small_no_disp,v3
2024p699389,2024-09-15T18:34:47.803Z,5.09,4.19,12.0,D,17.4,85.3,3,0.006,"quality grade D (email requires A or B): {'min_stations': True, 'vr_floor': False, 'az_gap_ok': False} | Mw 4.19 < 5.0 and predicted displacement 0.01 cm < 1 cm",grade_D;too_small_no_disp,v3
2024p701403,2024-09-16T12:27:35.057Z,4.97,4.54,42.0,D,4.2,71.1,3,0.002,"quality grade D (email requires A or B): {'min_stations': True, 'vr_floor': False, 'az_gap_ok': False} | Mw 4.54 < 5.0 and predicted displacement 0.00 cm < 1 cm",grade_D;too_small_no_disp,v3
2024p718966,2024-09-23T00:25:17.716Z,3.76,3.52,12.0,D,7.0,68.9,3,0.001,"quality grade D (email requires A or B): {'min_stations': True, 'vr_floor': False, 'az_gap_ok': False} | Mw 3.52 < 5.0 and predicted displacement 0.00 cm < 1 cm",grade_D;too_small_no_disp,v3
2024p729113,2024-09-26T18:31:53.084Z,3.87,3.74,26.0,D,25.5,19.4,4,0.0,"quality grade D (email requires A or B): {'min_stations': True, 'vr_floor': False, 'az_gap_ok': True} | Mw 3.74 < 5.0 and predicted displacement 0.00 cm < 1 cm",grade_D;too_small_no_disp,v3
2024p739626,2024-09-30T15:53:06.833Z,3.78,3.64,58.0,D,13.2,46.9,3,0.0,"quality grade D (email requires A or B): {'min_stations': True, 'vr_floor': False, 'az_gap_ok': True} | Mw 3.64 < 5.0 and predicted displacement 0.00 cm < 1 cm",grade_D;too_small_no_disp,v3
2024p741084,2024-10-01T04:49:40.828Z,5.02,4.43,26.0,B,60.5,91.6,7,0.006,Mw 4.43 < 5.0 and predicted displacement 0.01 cm < 1 cm,too_small_no_disp,v3
2024p753169,2024-10-05T16:08:55.138Z,5.7,5.47,58.0,D,31.9,77.2,3,0.029,"quality grade D (email requires A or B): {'min_stations': True, 'vr_floor': False, 'az_gap_ok': True}",grade_D,v3
2024p755216,2024-10-06T10:19:13.450Z,4.78,4.63,28.0,C,56.1,58.0,6,0.011,"quality grade C (email requires A or B): {'min_stations': True, 'vr_floor': True, 'az_gap_ok': True} | Mw 4.63 < 5.0 and predicted displacement 0.01 cm < 1 cm",grade_C;too_small_no_disp,v3
2024p759537,2024-10-08T00:41:19.276Z,3.71,4.43,12.0,D,11.0,46.3,3,0.014,"quality grade D (email requires A or B): {'min_stations': True, 'vr_floor': False, 'az_gap_ok': False} | Mw 4.43 < 5.0 and predicted displacement 0.01 cm < 1 cm",grade_D;too_small_no_disp,v3
2024p767889,2024-10-11T02:51:27.965Z,4.1,3.83,7.0,D,19.8,93.4,3,0.007,"quality grade D (email requires A or B): {'min_stations': True, 'vr_floor': False, 'az_gap_ok': False} | Mw 3.83 < 5.0 and predicted displacement 0.01 cm < 1 cm",grade_D;too_small_no_disp,v3
2024p774519,2024-10-13T13:44:13.474Z,4.69,4.14,6.0,B,73.0,88.1,5,0.03,Mw 4.14 < 5.0 and predicted displacement 0.03 cm < 1 cm | aftershock throttle: Mw 4.14 within 17 km of published 2026p660242 (Mw 5.03),too_small_no_disp;aftershock,v3
2024p776722,2024-10-14T09:17:32.269Z,4.19,3.9,20.0,D,4.6,69.3,4,0.001,"quality grade D (email requires A or B): {'min_stations': True, 'vr_floor': False, 'az_gap_ok': False} | Mw 3.90 < 5.0 and predicted displacement 0.00 cm < 1 cm",grade_D;too_small_no_disp,v3
2024p783503,2024-10-16T21:30:43.490Z,3.93,4.06,16.0,B,62.2,87.4,6,0.005,Mw 4.06 < 5.0 and predicted displacement 0.00 cm < 1 cm,too_small_no_disp,v3
2024p789615,2024-10-19T03:47:00.698Z,4.26,3.97,38.0,D,13.8,49.6,4,0.001,"quality grade D (email requires A or B): {'min_stations': True, 'vr_floor': False, 'az_gap_ok': False} | Mw 3.97 < 5.0 and predicted displacement 0.00 cm < 1 cm",grade_D;too_small_no_disp,v3
2024p813148,2024-10-27T20:45:46.717Z,3.77,3.71,5.0,D,5.0,17.7,5,0.005,"quality grade D (email requires A or B): {'min_stations': True, 'vr_floor': False, 'az_gap_ok': True} | Mw 3.71 < 5.0 and predicted displacement 0.00 cm < 1 cm",grade_D;too_small_no_disp,v3
2024p818237,2024-10-29T17:57:14.538Z,3.9,4.88,58.0,D,29.3,53.3,3,0.004,"quality grade D (email requires A or B): {'min_stations': True, 'vr_floor': False, 'az_gap_ok': False} | Mw 4.88 < 5.0 and predicted displacement 0.00 cm < 1 cm",grade_D;too_small_no_disp,v3
2024p826439,2024-11-01T18:46:57.188Z,4.2,3.6,18.0,D,14.0,66.8,3,0.0,"quality grade D (email requires A or B): {'min_stations': True, 'vr_floor': False, 'az_gap_ok': True} | Mw 3.60 < 5.0 and predicted displacement 0.00 cm < 1 cm",grade_D;too_small_no_disp,v3
2024p835642,2024-11-05T04:30:34.722Z,3.76,4.7,46.0,D,6.7,29.7,3,0.003,"quality grade D (email requires A or B): {'min_stations': True, 'vr_floor': False, 'az_gap_ok': True} | Mw 4.70 < 5.0 and predicted displacement 0.00 cm < 1 cm",grade_D;too_small_no_disp,v3
2024p868775,2024-11-17T10:43:51.948Z,4.23,3.68,18.0,D,46.1,84.3,6,0.001,"quality grade D (email requires A or B): {'min_stations': True, 'vr_floor': False, 'az_gap_ok': True} | Mw 3.68 < 5.0 and predicted displacement 0.00 cm < 1 cm | aftershock throttle: Mw 3.68 within 41 km of published 2026p660242 (Mw 5.03)",grade_D;too_small_no_disp;aftershock,v3
2024p871051,2024-11-18T06:55:53.763Z,4.09,3.97,26.0,D,41.1,32.0,3,0.001,"quality grade D (email requires A or B): {'min_stations': True, 'vr_floor': False, 'az_gap_ok': False} | Mw 3.97 < 5.0 and predicted displacement 0.00 cm < 1 cm",grade_D;too_small_no_disp,v3
2024p871238,2024-11-18T08:35:45.453Z,3.81,4.96,50.0,D,11.0,43.6,3,0.006,"quality grade D (email requires A or B): {'min_stations': True, 'vr_floor': False, 'az_gap_ok': True} | Mw 4.96 < 5.0 and predicted displacement 0.01 cm < 1 cm",grade_D;too_small_no_disp,v3
2024p876242,2024-11-20T05:02:09.222Z,3.99,3.61,24.0,D,20.0,95.4,3,0.0,"quality grade D (email requires A or B): {'min_stations': True, 'vr_floor': False, 'az_gap_ok': False} | Mw 3.61 < 5.0 and predicted displacement 0.00 cm < 1 cm",grade_D;too_small_no_disp,v3
2024p897079,2024-11-27T22:03:59.406Z,5.85,5.69,10.0,C,71.9,94.8,7,2.649,"quality grade C (email requires A or B): {'min_stations': True, 'vr_floor': True, 'az_gap_ok': False}",grade_C,v3
2024p910344,2024-12-02T19:51:18.760Z,3.85,3.46,2.5,D,36.1,96.4,4,0.013,"quality grade D (email requires A or B): {'min_stations': True, 'vr_floor': False, 'az_gap_ok': True} | Mw 3.46 < 5.0 and predicted displacement 0.01 cm < 1 cm | aftershock throttle: Mw 3.46 within 17 km of published 2026p660242 (Mw 5.03)",grade_D;too_small_no_disp;aftershock,v3
2024p942516,2024-12-14T17:32:51.115Z,3.87,3.82,50.0,D,20.6,58.2,3,0.0,"quality grade D (email requires A or B): {'min_stations': True, 'vr_floor': False, 'az_gap_ok': True} | Mw 3.82 < 5.0 and predicted displacement 0.00 cm < 1 cm",grade_D;too_small_no_disp,v3
2024p945089,2024-12-15T16:23:41.242Z,5.07,4.97,12.0,C,54.6,34.1,3,0.055,"quality grade C (email requires A or B): {'min_stations': True, 'vr_floor': True, 'az_gap_ok': False} | Mw 4.97 < 5.0 and predicted displacement 0.06 cm < 1 cm",grade_C;too_small_no_disp,v3
2024p945100,2024-12-15T16:29:29.951Z,5.03,4.35,5.0,D,48.4,98.1,3,0.042,"quality grade D (email requires A or B): {'min_stations': True, 'vr_floor': False, 'az_gap_ok': False} | Mw 4.35 < 5.0 and predicted displacement 0.04 cm < 1 cm",grade_D;too_small_no_disp,v3
2024p949173,2024-12-17T04:39:35.174Z,5.12,5.06,58.0,D,13.2,70.0,3,0.005,"quality grade D (email requires A or B): {'min_stations': True, 'vr_floor': False, 'az_gap_ok': True}",grade_D,v3
2024p949439,2024-12-17T07:01:29.155Z,3.78,4.34,54.0,D,7.9,63.4,3,0.001,"quality grade D (email requires A or B): {'min_stations': True, 'vr_floor': False, 'az_gap_ok': True} | Mw 4.34 < 5.0 and predicted displacement 0.00 cm < 1 cm",grade_D;too_small_no_disp,v3
2024p957810,2024-12-20T09:21:24.991Z,4.13,3.99,54.0,D,4.5,68.7,3,0.0,"quality grade D (email requires A or B): {'min_stations': True, 'vr_floor': False, 'az_gap_ok': True} | Mw 3.99 < 5.0 and predicted displacement 0.00 cm < 1 cm",grade_D;too_small_no_disp,v3
2024p977142,2024-12-27T13:01:42.511Z,3.75,3.97,10.0,D,10.7,49.4,1,0.008,"quality grade D (email requires A or B): {'min_stations': False, 'vr_floor': False, 'az_gap_ok': True} | Mw 3.97 < 5.0 and predicted displacement 0.01 cm < 1 cm",grade_D;too_small_no_disp,v3
2025p012924,2025-01-05T18:46:16.965Z,4.6,4.27,38.0,D,5.7,53.2,5,0.001,"quality grade D (email requires A or B): {'min_stations': True, 'vr_floor': False, 'az_gap_ok': False} | Mw 4.27 < 5.0 and predicted displacement 0.00 cm < 1 cm",grade_D;too_small_no_disp,v3
2025p013176,2025-01-05T21:00:23.017Z,4.11,4.42,4.5,C,50.1,83.5,3,0.201,"quality grade C (email requires A or B): {'min_stations': True, 'vr_floor': True, 'az_gap_ok': True} | Mw 4.42 < 5.0 and predicted displacement 0.20 cm < 1 cm",grade_C;too_small_no_disp,v3
2025p067268,2025-01-25T21:20:55.830Z,4.49,4.26,38.0,C,55.4,90.8,5,0.002,"quality grade C (email requires A or B): {'min_stations': True, 'vr_floor': True, 'az_gap_ok': True} | Mw 4.26 < 5.0 and predicted displacement 0.00 cm < 1 cm",grade_C;too_small_no_disp,v3
2025p084847,2025-02-01T09:26:42.954Z,4.92,4.89,50.0,D,30.0,67.0,5,0.002,"quality grade D (email requires A or B): {'min_stations': True, 'vr_floor': False, 'az_gap_ok': False} | Mw 4.89 < 5.0 and predicted displacement 0.00 cm < 1 cm",grade_D;too_small_no_disp,v3
2025p100401,2025-02-07T03:33:59.200Z,4.44,3.91,24.0,D,48.5,99.3,5,0.001,"quality grade D (email requires A or B): {'min_stations': True, 'vr_floor': False, 'az_gap_ok': True} | Mw 3.91 < 5.0 and predicted displacement 0.00 cm < 1 cm",grade_D;too_small_no_disp,v3
2025p100802,2025-02-07T07:07:23.823Z,4.25,3.56,2.0,D,6.4,31.1,3,0.025,"quality grade D (email requires A or B): {'min_stations': True, 'vr_floor': False, 'az_gap_ok': False} | Mw 3.56 < 5.0 and predicted displacement 0.03 cm < 1 cm",grade_D;too_small_no_disp,v3
2025p128028,2025-02-17T08:53:30.853Z,4.01,5.24,58.0,D,6.8,31.7,3,0.018,"quality grade D (email requires A or B): {'min_stations': True, 'vr_floor': False, 'az_gap_ok': False}",grade_D,v3
2025p132732,2025-02-19T02:40:07.345Z,3.95,3.44,9.0,D,27.9,96.8,3,0.001,"quality grade D (email requires A or B): {'min_stations': True, 'vr_floor': False, 'az_gap_ok': False} | Mw 3.44 < 5.0 and predicted displacement 0.00 cm < 1 cm",grade_D;too_small_no_disp,v3
2025p136087,2025-02-20T08:27:21.047Z,3.81,3.48,8.0,D,21.2,93.7,4,0.002,"quality grade D (email requires A or B): {'min_stations': True, 'vr_floor': False, 'az_gap_ok': True} | Mw 3.48 < 5.0 and predicted displacement 0.00 cm < 1 cm",grade_D;too_small_no_disp,v3
2025p147831,2025-02-24T16:44:49.988Z,4.33,3.98,42.0,D,19.4,83.3,3,0.0,"quality grade D (email requires A or B): {'min_stations': True, 'vr_floor': False, 'az_gap_ok': False} | Mw 3.98 < 5.0 and predicted displacement 0.00 cm < 1 cm",grade_D;too_small_no_disp,v3
2025p148017,2025-02-24T18:23:44.443Z,4.31,3.97,5.0,B,67.2,92.5,8,0.03,Mw 3.97 < 5.0 and predicted displacement 0.03 cm < 1 cm,too_small_no_disp,v3
2025p150730,2025-02-25T18:29:22.531Z,4.08,3.87,5.0,B,65.5,86.4,10,0.024,Mw 3.87 < 5.0 and predicted displacement 0.02 cm < 1 cm,too_small_no_disp,v3
2025p150754,2025-02-25T18:41:50.747Z,3.76,4.22,58.0,D,20.0,87.6,3,0.0,"quality grade D (email requires A or B): {'min_stations': True, 'vr_floor': False, 'az_gap_ok': True} | Mw 4.22 < 5.0 and predicted displacement 0.00 cm < 1 cm",grade_D;too_small_no_disp,v3
2025p171748,2025-03-05T13:07:24.823Z,4.46,3.92,14.0,D,16.4,83.8,3,0.002,"quality grade D (email requires A or B): {'min_stations': True, 'vr_floor': False, 'az_gap_ok': False} | Mw 3.92 < 5.0 and predicted displacement 0.00 cm < 1 cm",grade_D;too_small_no_disp,v3
2025p172270,2025-03-05T17:45:29.467Z,5.08,4.46,10.0,C,50.4,87.6,8,0.015,"quality grade C (email requires A or B): {'min_stations': True, 'vr_floor': True, 'az_gap_ok': True} | Mw 4.46 < 5.0 and predicted displacement 0.02 cm < 1 cm",grade_C;too_small_no_disp,v3
2025p172367,2025-03-05T18:37:34.753Z,4.6,4.33,12.0,B,73.0,58.8,5,0.016,Mw 4.33 < 5.0 and predicted displacement 0.02 cm < 1 cm,too_small_no_disp,v3
2025p172389,2025-03-05T18:49:02.230Z,4.67,4.14,9.0,B,68.4,79.3,6,0.013,Mw 4.14 < 5.0 and predicted displacement 0.01 cm < 1 cm,too_small_no_disp,v3
2025p177478,2025-03-07T16:00:25.376Z,4.63,4.16,24.0,C,67.8,94.2,4,0.003,"quality grade C (email requires A or B): {'min_stations': True, 'vr_floor': True, 'az_gap_ok': False} | Mw 4.16 < 5.0 and predicted displacement 0.00 cm < 1 cm",grade_C;too_small_no_disp,v3
2025p177749,2025-03-07T18:24:51.390Z,4.3,3.93,28.0,D,31.5,66.2,3,0.001,"quality grade D (email requires A or B): {'min_stations': True, 'vr_floor': False, 'az_gap_ok': True} | Mw 3.93 < 5.0 and predicted displacement 0.00 cm < 1 cm",grade_D;too_small_no_disp,v3
2025p186425,2025-03-10T23:26:47.482Z,4.09,3.95,5.0,D,35.9,80.2,9,0.028,"quality grade D (email requires A or B): {'min_stations': True, 'vr_floor': False, 'az_gap_ok': True} | Mw 3.95 < 5.0 and predicted displacement 0.03 cm < 1 cm",grade_D;too_small_no_disp,v3
2025p200024,2025-03-16T00:12:56.022Z,3.84,4.45,58.0,D,25.3,63.9,3,0.001,"quality grade D (email requires A or B): {'min_stations': True, 'vr_floor': False, 'az_gap_ok': True} | Mw 4.45 < 5.0 and predicted displacement 0.00 cm < 1 cm",grade_D;too_small_no_disp,v3
2025p210834,2025-03-20T00:12:50.829Z,4.15,3.7,18.0,D,6.9,70.8,3,0.001,"quality grade D (email requires A or B): {'min_stations': True, 'vr_floor': False, 'az_gap_ok': False} | Mw 3.70 < 5.0 and predicted displacement 0.00 cm < 1 cm",grade_D;too_small_no_disp,v3
2025p212997,2025-03-20T19:24:56.350Z,4.78,5.81,58.0,D,6.8,66.3,3,0.097,"quality grade D (email requires A or B): {'min_stations': True, 'vr_floor': False, 'az_gap_ok': True}",grade_D,v3
2025p215588,2025-03-21T18:25:13.573Z,3.88,3.93,20.0,D,15.5,76.7,3,0.001,"quality grade D (email requires A or B): {'min_stations': True, 'vr_floor': False, 'az_gap_ok': True} | Mw 3.93 < 5.0 and predicted displacement 0.00 cm < 1 cm",grade_D;too_small_no_disp,v3
2025p215587,2025-03-21T18:25:26.532Z,4.18,3.93,20.0,D,17.4,74.2,3,0.002,"quality grade D (email requires A or B): {'min_stations': True, 'vr_floor': False, 'az_gap_ok': True} | Mw 3.93 < 5.0 and predicted displacement 0.00 cm < 1 cm",grade_D;too_small_no_disp,v3
2025p224518,2025-03-25T01:43:09.291Z,6.77,6.57,26.0,C,82.2,68.9,5,8.141,"quality grade C (email requires A or B): {'min_stations': True, 'vr_floor': True, 'az_gap_ok': False}",grade_C,v3
2025p224561,2025-03-25T02:05:52.647Z,4.86,5.15,2.0,D,11.3,64.9,4,6.808,"quality grade D (email requires A or B): {'min_stations': True, 'vr_floor': False, 'az_gap_ok': False}",grade_D,v3
2025p224595,2025-03-25T02:24:15.645Z,3.96,4.85,14.0,D,13.0,66.5,2,0.078,"quality grade D (email requires A or B): {'min_stations': False, 'vr_floor': False, 'az_gap_ok': False} | Mw 4.85 < 5.0 and predicted displacement 0.08 cm < 1 cm",grade_D;too_small_no_disp,v3
2025p224655,2025-03-25T02:56:27.708Z,5.78,5.83,1.0,C,83.1,95.8,6,19.108,"quality grade C (email requires A or B): {'min_stations': True, 'vr_floor': True, 'az_gap_ok': False}",grade_C,v3
2025p224676,2025-03-25T03:07:16.627Z,4.43,4.78,1.0,D,16.1,99.3,3,4.131,"quality grade D (email requires A or B): {'min_stations': True, 'vr_floor': False, 'az_gap_ok': False}",grade_D,v3
2025p224804,2025-03-25T04:15:39.047Z,4.62,4.44,26.0,C,65.0,73.7,3,0.007,"quality grade C (email requires A or B): {'min_stations': True, 'vr_floor': True, 'az_gap_ok': False} | Mw 4.44 < 5.0 and predicted displacement 0.01 cm < 1 cm",grade_C;too_small_no_disp,v3
2025p225136,2025-03-25T07:12:56.245Z,3.72,3.56,24.0,D,31.9,98.5,3,0.0,"quality grade D (email requires A or B): {'min_stations': True, 'vr_floor': False, 'az_gap_ok': False} | Mw 3.56 < 5.0 and predicted displacement 0.00 cm < 1 cm",grade_D;too_small_no_disp,v3
2025p225214,2025-03-25T07:54:28.134Z,4.08,3.93,1.0,C,59.6,27.6,3,0.806,"quality grade C (email requires A or B): {'min_stations': True, 'vr_floor': True, 'az_gap_ok': False} | Mw 3.93 < 5.0 and predicted displacement 0.81 cm < 1 cm",grade_C;too_small_no_disp,v3
2025p225346,2025-03-25T09:04:29.558Z,5.18,4.92,20.0,C,76.4,62.6,5,0.057,"quality grade C (email requires A or B): {'min_stations': True, 'vr_floor': True, 'az_gap_ok': False} | Mw 4.92 < 5.0 and predicted displacement 0.06 cm < 1 cm",grade_C;too_small_no_disp,v3
2025p227422,2025-03-26T03:30:47.806Z,3.76,4.1,50.0,D,8.8,39.6,3,0.0,"quality grade D (email requires A or B): {'min_stations': True, 'vr_floor': False, 'az_gap_ok': False} | Mw 4.10 < 5.0 and predicted displacement 0.00 cm < 1 cm",grade_D;too_small_no_disp,v3
2025p228627,2025-03-26T14:11:32.364Z,3.89,3.8,34.0,D,33.1,62.4,5,0.0,"quality grade D (email requires A or B): {'min_stations': True, 'vr_floor': False, 'az_gap_ok': False} | Mw 3.80 < 5.0 and predicted displacement 0.00 cm < 1 cm",grade_D;too_small_no_disp,v3
2025p233084,2025-03-28T05:47:32.438Z,3.86,3.75,34.0,D,19.4,95.8,4,0.0,"quality grade D (email requires A or B): {'min_stations': True, 'vr_floor': False, 'az_gap_ok': False} | Mw 3.75 < 5.0 and predicted displacement 0.00 cm < 1 cm",grade_D;too_small_no_disp,v3
2025p240705,2025-03-31T01:27:39.621Z,3.81,3.77,10.0,D,37.9,21.3,3,0.003,"quality grade D (email requires A or B): {'min_stations': True, 'vr_floor': False, 'az_gap_ok': False} | Mw 3.77 < 5.0 and predicted displacement 0.00 cm < 1 cm",grade_D;too_small_no_disp,v3
2025p251271,2025-04-03T23:17:34.823Z,4.07,4.26,16.0,D,9.9,87.9,4,0.006,"quality grade D (email requires A or B): {'min_stations': True, 'vr_floor': False, 'az_gap_ok': False} | Mw 4.26 < 5.0 and predicted displacement 0.01 cm < 1 cm",grade_D;too_small_no_disp,v3
2025p258138,2025-04-06T12:16:01.296Z,4.2,4.14,46.0,D,48.0,78.4,3,0.001,"quality grade D (email requires A or B): {'min_stations': True, 'vr_floor': False, 'az_gap_ok': True} | Mw 4.14 < 5.0 and predicted displacement 0.00 cm < 1 cm",grade_D;too_small_no_disp,v3
2025p268623,2025-04-10T09:22:51.636Z,3.94,3.87,18.0,B,72.3,14.9,3,0.001,Mw 3.87 < 5.0 and predicted displacement 0.00 cm < 1 cm,too_small_no_disp,v3
2025p311033,2025-04-26T01:58:27.582Z,3.8,3.67,20.0,D,38.8,94.9,3,0.0,"quality grade D (email requires A or B): {'min_stations': True, 'vr_floor': False, 'az_gap_ok': False} | Mw 3.67 < 5.0 and predicted displacement 0.00 cm < 1 cm",grade_D;too_small_no_disp,v3
2025p320415,2025-04-29T13:16:32.277Z,5.76,6.28,12.0,C,84.9,77.5,3,8.762,"quality grade C (email requires A or B): {'min_stations': True, 'vr_floor': True, 'az_gap_ok': False}",grade_C,v3
2025p321029,2025-04-29T18:44:08.767Z,4.87,4.65,34.0,D,36.6,84.1,3,0.004,"quality grade D (email requires A or B): {'min_stations': True, 'vr_floor': False, 'az_gap_ok': False} | Mw 4.65 < 5.0 and predicted displacement 0.00 cm < 1 cm",grade_D;too_small_no_disp,v3
2025p326465,2025-05-01T19:00:23.746Z,3.71,3.67,30.0,D,16.2,68.1,3,0.0,"quality grade D (email requires A or B): {'min_stations': True, 'vr_floor': False, 'az_gap_ok': False} | Mw 3.67 < 5.0 and predicted displacement 0.00 cm < 1 cm",grade_D;too_small_no_disp,v3
2025p346479,2025-05-09T04:44:15.772Z,4.03,3.86,2.0,D,49.8,99.1,7,0.082,"quality grade D (email requires A or B): {'min_stations': True, 'vr_floor': False, 'az_gap_ok': True} | Mw 3.86 < 5.0 and predicted displacement 0.08 cm < 1 cm",grade_D;too_small_no_disp,v3
2025p346967,2025-05-09T09:04:15.681Z,3.91,3.97,50.0,D,40.4,44.6,3,0.0,"quality grade D (email requires A or B): {'min_stations': True, 'vr_floor': False, 'az_gap_ok': True} | Mw 3.97 < 5.0 and predicted displacement 0.00 cm < 1 cm",grade_D;too_small_no_disp,v3
2025p351873,2025-05-11T04:38:17.421Z,3.91,4.09,30.0,D,43.6,93.2,6,0.001,"quality grade D (email requires A or B): {'min_stations': True, 'vr_floor': False, 'az_gap_ok': False} | Mw 4.09 < 5.0 and predicted displacement 0.00 cm < 1 cm",grade_D;too_small_no_disp,v3
2025p360445,2025-05-14T08:45:20.207Z,3.95,4.02,42.0,C,52.2,17.7,3,0.0,"quality grade C (email requires A or B): {'min_stations': True, 'vr_floor': True, 'az_gap_ok': True} | Mw 4.02 < 5.0 and predicted displacement 0.00 cm < 1 cm",grade_C;too_small_no_disp,v3
2025p361941,2025-05-14T22:02:11.843Z,3.73,4.03,30.0,D,8.9,82.5,3,0.001,"quality grade D (email requires A or B): {'min_stations': True, 'vr_floor': False, 'az_gap_ok': True} | Mw 4.03 < 5.0 and predicted displacement 0.00 cm < 1 cm",grade_D;too_small_no_disp,v3
2025p365605,2025-05-16T06:33:57.005Z,4.13,3.84,30.0,D,19.6,27.9,3,0.001,"quality grade D (email requires A or B): {'min_stations': True, 'vr_floor': False, 'az_gap_ok': False} | Mw 3.84 < 5.0 and predicted displacement 0.00 cm < 1 cm",grade_D;too_small_no_disp,v3
2025p381170,2025-05-22T00:47:52.410Z,4.8,3.92,1.0,D,12.6,24.4,6,0.649,"quality grade D (email requires A or B): {'min_stations': True, 'vr_floor': False, 'az_gap_ok': False} | Mw 3.92 < 5.0 and predicted displacement 0.65 cm < 1 cm",grade_D;too_small_no_disp,v3
2025p393851,2025-05-26T17:24:16.278Z,3.75,3.62,30.0,D,18.6,42.8,3,0.0,"quality grade D (email requires A or B): {'min_stations': True, 'vr_floor': False, 'az_gap_ok': True} | Mw 3.62 < 5.0 and predicted displacement 0.00 cm < 1 cm",grade_D;too_small_no_disp,v3
2025p409049,2025-06-01T08:21:42.757Z,3.97,4.06,3.0,D,19.5,98.5,3,0.086,"quality grade D (email requires A or B): {'min_stations': True, 'vr_floor': False, 'az_gap_ok': False} | Mw 4.06 < 5.0 and predicted displacement 0.09 cm < 1 cm",grade_D;too_small_no_disp,v3
2025p409559,2025-06-01T12:53:08.108Z,4.26,5.09,58.0,D,3.9,36.4,3,0.008,"quality grade D (email requires A or B): {'min_stations': True, 'vr_floor': False, 'az_gap_ok': False}",grade_D,v3
2025p413627,2025-06-03T01:00:55.048Z,4.02,4.27,3.5,D,34.9,90.2,3,0.187,"quality grade D (email requires A or B): {'min_stations': True, 'vr_floor': False, 'az_gap_ok': True} | Mw 4.27 < 5.0 and predicted displacement 0.19 cm < 1 cm",grade_D;too_small_no_disp,v3
2025p415643,2025-06-03T18:55:06.906Z,5.12,4.7,50.0,D,26.0,80.7,7,0.002,"quality grade D (email requires A or B): {'min_stations': True, 'vr_floor': False, 'az_gap_ok': True} | Mw 4.70 < 5.0 and predicted displacement 0.00 cm < 1 cm",grade_D;too_small_no_disp,v3
2025p424147,2025-06-06T22:25:43.568Z,3.78,3.83,58.0,D,21.7,60.9,3,0.0,"quality grade D (email requires A or B): {'min_stations': True, 'vr_floor': False, 'az_gap_ok': True} | Mw 3.83 < 5.0 and predicted displacement 0.00 cm < 1 cm",grade_D;too_small_no_disp,v3
2025p440741,2025-06-13T01:47:02.041Z,3.71,3.7,7.0,D,24.2,98.6,3,0.004,"quality grade D (email requires A or B): {'min_stations': True, 'vr_floor': False, 'az_gap_ok': False} | Mw 3.70 < 5.0 and predicted displacement 0.00 cm < 1 cm",grade_D;too_small_no_disp,v3
2025p455728,2025-06-18T14:51:45.959Z,5.18,5.77,46.0,D,24.2,29.5,3,0.115,"quality grade D (email requires A or B): {'min_stations': True, 'vr_floor': False, 'az_gap_ok': False}",grade_D,v3
2025p456595,2025-06-18T22:34:08.538Z,5.03,4.58,10.0,D,33.3,63.6,3,0.062,"quality grade D (email requires A or B): {'min_stations': True, 'vr_floor': False, 'az_gap_ok': False} | Mw 4.58 < 5.0 and predicted displacement 0.06 cm < 1 cm",grade_D;too_small_no_disp,v3
2025p462035,2025-06-20T22:52:21.660Z,4.29,3.82,3.5,D,33.6,99.3,3,0.027,"quality grade D (email requires A or B): {'min_stations': True, 'vr_floor': False, 'az_gap_ok': True} | Mw 3.82 < 5.0 and predicted displacement 0.03 cm < 1 cm",grade_D;too_small_no_disp,v3
2025p471657,2025-06-24T12:19:20.786Z,3.85,3.75,58.0,D,5.0,26.0,3,0.0,"quality grade D (email requires A or B): {'min_stations': True, 'vr_floor': False, 'az_gap_ok': True} | Mw 3.75 < 5.0 and predicted displacement 0.00 cm < 1 cm",grade_D;too_small_no_disp,v3
2025p491062,2025-07-01T16:38:08.075Z,5.08,4.61,3.5,C,54.7,57.9,3,0.182,"quality grade C (email requires A or B): {'min_stations': True, 'vr_floor': True, 'az_gap_ok': False} | Mw 4.61 < 5.0 and predicted displacement 0.18 cm < 1 cm",grade_C;too_small_no_disp,v3
2025p491253,2025-07-01T18:19:33.240Z,4.16,3.93,38.0,D,17.5,62.1,3,0.0,"quality grade D (email requires A or B): {'min_stations': True, 'vr_floor': False, 'az_gap_ok': False} | Mw 3.93 < 5.0 and predicted displacement 0.00 cm < 1 cm",grade_D;too_small_no_disp,v3
2025p492908,2025-07-02T09:01:26.991Z,3.94,3.53,24.0,D,7.7,91.4,3,0.0,"quality grade D (email requires A or B): {'min_stations': True, 'vr_floor': False, 'az_gap_ok': False} | Mw 3.53 < 5.0 and predicted displacement 0.00 cm < 1 cm",grade_D;too_small_no_disp,v3
2025p506857,2025-07-07T12:53:41.926Z,6.1,6.79,1.0,C,94.7,99.1,3,92.344,"quality grade C (email requires A or B): {'min_stations': True, 'vr_floor': True, 'az_gap_ok': False}",grade_C,v3
2025p507009,2025-07-07T14:14:32.381Z,4.76,4.23,12.0,D,10.9,70.7,3,0.012,"quality grade D (email requires A or B): {'min_stations': True, 'vr_floor': False, 'az_gap_ok': False} | Mw 4.23 < 5.0 and predicted displacement 0.01 cm < 1 cm",grade_D;too_small_no_disp,v3
2025p507113,2025-07-07T15:07:45.887Z,4.21,3.99,38.0,D,6.8,82.4,3,0.001,"quality grade D (email requires A or B): {'min_stations': True, 'vr_floor': False, 'az_gap_ok': False} | Mw 3.99 < 5.0 and predicted displacement 0.00 cm < 1 cm",grade_D;too_small_no_disp,v3
2025p511438,2025-07-09T05:34:17.740Z,4.44,3.85,16.0,C,54.9,66.2,3,0.002,"quality grade C (email requires A or B): {'min_stations': True, 'vr_floor': True, 'az_gap_ok': False} | Mw 3.85 < 5.0 and predicted displacement 0.00 cm < 1 cm",grade_C;too_small_no_disp,v3
2025p513418,2025-07-09T23:09:30.501Z,5.1,4.67,1.0,D,32.4,91.3,6,3.546,"quality grade D (email requires A or B): {'min_stations': True, 'vr_floor': False, 'az_gap_ok': False}",grade_D,v3
2025p519399,2025-07-12T04:15:49.590Z,3.89,3.86,14.0,D,22.7,66.6,5,0.003,"quality grade D (email requires A or B): {'min_stations': True, 'vr_floor': False, 'az_gap_ok': True} | Mw 3.86 < 5.0 and predicted displacement 0.00 cm < 1 cm",grade_D;too_small_no_disp,v3
2025p519931,2025-07-12T08:59:38.117Z,4.16,3.58,18.0,B,63.1,99.2,4,0.0,Mw 3.58 < 5.0 and predicted displacement 0.00 cm < 1 cm | aftershock throttle: Mw 3.58 within 74 km of published 2026p660242 (Mw 5.03),too_small_no_disp;aftershock,v3
2025p522648,2025-07-13T09:06:51.536Z,3.83,3.68,7.0,D,35.8,83.8,4,0.004,"quality grade D (email requires A or B): {'min_stations': True, 'vr_floor': False, 'az_gap_ok': True} | Mw 3.68 < 5.0 and predicted displacement 0.00 cm < 1 cm",grade_D;too_small_no_disp,v3
2025p523185,2025-07-13T13:52:58.006Z,4.22,3.9,1.5,D,16.3,93.0,3,0.253,"quality grade D (email requires A or B): {'min_stations': True, 'vr_floor': False, 'az_gap_ok': False} | Mw 3.90 < 5.0 and predicted displacement 0.25 cm < 1 cm",grade_D;too_small_no_disp,v3
2025p523683,2025-07-13T18:18:04.324Z,4.91,4.27,18.0,D,36.2,53.5,3,0.006,"quality grade D (email requires A or B): {'min_stations': True, 'vr_floor': False, 'az_gap_ok': False} | Mw 4.27 < 5.0 and predicted displacement 0.01 cm < 1 cm",grade_D;too_small_no_disp,v3
2025p529014,2025-07-15T17:39:09.831Z,4.01,3.73,14.0,D,46.6,82.7,4,0.002,"quality grade D (email requires A or B): {'min_stations': True, 'vr_floor': False, 'az_gap_ok': True} | Mw 3.73 < 5.0 and predicted displacement 0.00 cm < 1 cm",grade_D;too_small_no_disp,v3
2025p530499,2025-07-16T06:49:34.773Z,4.33,3.99,5.0,D,34.4,73.7,3,0.023,"quality grade D (email requires A or B): {'min_stations': True, 'vr_floor': False, 'az_gap_ok': False} | Mw 3.99 < 5.0 and predicted displacement 0.02 cm < 1 cm",grade_D;too_small_no_disp,v3
2025p531592,2025-07-16T16:32:41.285Z,4.79,3.87,34.0,D,9.3,18.3,3,0.0,"quality grade D (email requires A or B): {'min_stations': True, 'vr_floor': False, 'az_gap_ok': False} | Mw 3.87 < 5.0 and predicted displacement 0.00 cm < 1 cm",grade_D;too_small_no_disp,v3
2025p540125,2025-07-19T20:18:16.852Z,4.97,4.44,28.0,C,63.9,72.7,6,0.004,"quality grade C (email requires A or B): {'min_stations': True, 'vr_floor': True, 'az_gap_ok': False} | Mw 4.44 < 5.0 and predicted displacement 0.00 cm < 1 cm",grade_C;too_small_no_disp,v3
2025p541853,2025-07-20T11:39:20.052Z,3.87,3.68,24.0,D,19.7,86.7,4,0.0,"quality grade D (email requires A or B): {'min_stations': True, 'vr_floor': False, 'az_gap_ok': True} | Mw 3.68 < 5.0 and predicted displacement 0.00 cm < 1 cm",grade_D;too_small_no_disp,v3
2025p545767,2025-07-21T22:24:56.558Z,4.58,3.98,28.0,D,41.6,64.4,3,0.001,"quality grade D (email requires A or B): {'min_stations': True, 'vr_floor': False, 'az_gap_ok': True} | Mw 3.98 < 5.0 and predicted displacement 0.00 cm < 1 cm",grade_D;too_small_no_disp,v3
2025p552868,2025-07-24T13:28:14.612Z,4.56,4.07,34.0,D,35.8,96.7,5,0.001,"quality grade D (email requires A or B): {'min_stations': True, 'vr_floor': False, 'az_gap_ok': True} | Mw 4.07 < 5.0 and predicted displacement 0.00 cm < 1 cm",grade_D;too_small_no_disp,v3
2025p554537,2025-07-25T04:17:37.519Z,4.38,4.23,1.0,D,29.8,27.3,6,1.794,"quality grade D (email requires A or B): {'min_stations': True, 'vr_floor': False, 'az_gap_ok': True}",grade_D,v3
2025p561966,2025-07-27T22:15:46.494Z,3.86,3.65,1.0,D,41.7,34.1,3,0.31,"quality grade D (email requires A or B): {'min_stations': True, 'vr_floor': False, 'az_gap_ok': False} | Mw 3.65 < 5.0 and predicted displacement 0.31 cm < 1 cm",grade_D;too_small_no_disp,v3
2025p562289,2025-07-28T01:07:43.547Z,4.63,4.41,6.0,D,43.8,88.2,6,0.072,"quality grade D (email requires A or B): {'min_stations': True, 'vr_floor': False, 'az_gap_ok': True} | Mw 4.41 < 5.0 and predicted displacement 0.07 cm < 1 cm",grade_D;too_small_no_disp,v3
2025p578402,2025-08-03T00:12:51.835Z,3.79,3.79,7.0,D,34.1,91.8,3,0.009,"quality grade D (email requires A or B): {'min_stations': True, 'vr_floor': False, 'az_gap_ok': True} | Mw 3.79 < 5.0 and predicted displacement 0.01 cm < 1 cm",grade_D;too_small_no_disp,v3
2025p579756,2025-08-03T12:14:15.967Z,4.08,4.15,30.0,D,45.5,98.7,4,0.002,"quality grade D (email requires A or B): {'min_stations': True, 'vr_floor': False, 'az_gap_ok': True} | Mw 4.15 < 5.0 and predicted displacement 0.00 cm < 1 cm",grade_D;too_small_no_disp,v3
2025p579772,2025-08-03T12:22:53.399Z,4.17,5.05,54.0,D,6.7,96.4,3,0.005,"quality grade D (email requires A or B): {'min_stations': True, 'vr_floor': False, 'az_gap_ok': True}",grade_D,v3
2025p588578,2025-08-06T18:34:51.524Z,3.8,3.68,26.0,D,34.8,58.6,3,0.0,"quality grade D (email requires A or B): {'min_stations': True, 'vr_floor': False, 'az_gap_ok': True} | Mw 3.68 < 5.0 and predicted displacement 0.00 cm < 1 cm",grade_D;too_small_no_disp,v3
2025p589654,2025-08-07T04:07:42.235Z,3.83,4.15,46.0,D,11.5,21.1,3,0.001,"quality grade D (email requires A or B): {'min_stations': True, 'vr_floor': False, 'az_gap_ok': False} | Mw 4.15 < 5.0 and predicted displacement 0.00 cm < 1 cm",grade_D;too_small_no_disp,v3
2025p591793,2025-08-07T23:07:37.886Z,3.78,4.03,58.0,D,4.9,52.1,3,0.0,"quality grade D (email requires A or B): {'min_stations': True, 'vr_floor': False, 'az_gap_ok': False} | Mw 4.03 < 5.0 and predicted displacement 0.00 cm < 1 cm",grade_D;too_small_no_disp,v3
2025p595779,2025-08-09T10:31:49.274Z,4.0,3.83,9.0,B,67.7,85.5,3,0.004,Mw 3.83 < 5.0 and predicted displacement 0.00 cm < 1 cm,too_small_no_disp,v3
2025p611896,2025-08-15T09:38:31.204Z,4.61,4.29,14.0,D,46.7,92.2,3,0.013,"quality grade D (email requires A or B): {'min_stations': True, 'vr_floor': False, 'az_gap_ok': False} | Mw 4.29 < 5.0 and predicted displacement 0.01 cm < 1 cm",grade_D;too_small_no_disp,v3
2025p612320,2025-08-15T13:24:17.682Z,3.73,3.57,28.0,D,10.0,55.7,3,0.0,"quality grade D (email requires A or B): {'min_stations': True, 'vr_floor': False, 'az_gap_ok': False} | Mw 3.57 < 5.0 and predicted displacement 0.00 cm < 1 cm",grade_D;too_small_no_disp,v3
2025p617755,2025-08-17T13:40:07.659Z,3.81,3.49,14.0,D,11.0,95.1,3,0.001,"quality grade D (email requires A or B): {'min_stations': True, 'vr_floor': False, 'az_gap_ok': True} | Mw 3.49 < 5.0 and predicted displacement 0.00 cm < 1 cm",grade_D;too_small_no_disp,v3
2025p618977,2025-08-18T00:31:23.627Z,3.78,4.32,34.0,D,9.5,17.5,3,0.002,"quality grade D (email requires A or B): {'min_stations': True, 'vr_floor': False, 'az_gap_ok': False} | Mw 4.32 < 5.0 and predicted displacement 0.00 cm < 1 cm",grade_D;too_small_no_disp,v3
2025p628639,2025-08-21T14:19:19.005Z,3.99,4.1,42.0,D,0.3,64.1,3,0.0,"quality grade D (email requires A or B): {'min_stations': True, 'vr_floor': False, 'az_gap_ok': True} | Mw 4.10 < 5.0 and predicted displacement 0.00 cm < 1 cm",grade_D;too_small_no_disp,v3
2025p643542,2025-08-27T02:39:13.623Z,4.09,4.09,38.0,D,15.2,79.0,3,0.0,"quality grade D (email requires A or B): {'min_stations': True, 'vr_floor': False, 'az_gap_ok': False} | Mw 4.09 < 5.0 and predicted displacement 0.00 cm < 1 cm",grade_D;too_small_no_disp,v3
2025p650366,2025-08-29T15:15:24.582Z,3.76,4.57,38.0,D,6.8,17.7,3,0.002,"quality grade D (email requires A or B): {'min_stations': True, 'vr_floor': False, 'az_gap_ok': False} | Mw 4.57 < 5.0 and predicted displacement 0.00 cm < 1 cm",grade_D;too_small_no_disp,v3
2025p672513,2025-09-06T19:55:03.103Z,5.1,4.73,28.0,D,34.6,62.5,6,0.013,"quality grade D (email requires A or B): {'min_stations': True, 'vr_floor': False, 'az_gap_ok': False} | Mw 4.73 < 5.0 and predicted displacement 0.01 cm < 1 cm",grade_D;too_small_no_disp,v3
2025p676107,2025-09-08T03:50:05.042Z,4.32,3.67,18.0,C,56.8,76.4,3,0.001,"quality grade C (email requires A or B): {'min_stations': True, 'vr_floor': True, 'az_gap_ok': True} | Mw 3.67 < 5.0 and predicted displacement 0.00 cm < 1 cm",grade_C;too_small_no_disp,v3
2025p677180,2025-09-08T13:21:40.963Z,3.99,3.63,26.0,D,39.3,99.8,3,0.0,"quality grade D (email requires A or B): {'min_stations': True, 'vr_floor': False, 'az_gap_ok': False} | Mw 3.63 < 5.0 and predicted displacement 0.00 cm < 1 cm",grade_D;too_small_no_disp,v3
2025p682627,2025-09-10T13:44:15.135Z,4.52,4.61,50.0,D,9.9,61.7,3,0.001,"quality grade D (email requires A or B): {'min_stations': True, 'vr_floor': False, 'az_gap_ok': False} | Mw 4.61 < 5.0 and predicted displacement 0.00 cm < 1 cm",grade_D;too_small_no_disp,v3
2025p699397,2025-09-16T18:38:59.722Z,4.0,4.0,54.0,D,5.9,69.8,3,0.0,"quality grade D (email requires A or B): {'min_stations': True, 'vr_floor': False, 'az_gap_ok': False} | Mw 4.00 < 5.0 and predicted displacement 0.00 cm < 1 cm",grade_D;too_small_no_disp,v3
2025p708995,2025-09-20T07:52:38.190Z,4.41,3.81,16.0,C,54.6,69.5,5,0.001,"quality grade C (email requires A or B): {'min_stations': True, 'vr_floor': True, 'az_gap_ok': True} | Mw 3.81 < 5.0 and predicted displacement 0.00 cm < 1 cm",grade_C;too_small_no_disp,v3
2025p744644,2025-10-03T12:26:29.075Z,3.82,3.94,1.0,D,45.0,79.8,4,0.741,"quality grade D (email requires A or B): {'min_stations': True, 'vr_floor': False, 'az_gap_ok': True} | Mw 3.94 < 5.0 and predicted displacement 0.74 cm < 1 cm | aftershock throttle: Mw 3.94 within 8 km of published 2026p660242 (Mw 5.03)",grade_D;too_small_no_disp;aftershock,v3
2025p771776,2025-10-13T13:21:40.955Z,3.9,3.85,50.0,D,11.6,89.9,3,0.0,"quality grade D (email requires A or B): {'min_stations': True, 'vr_floor': False, 'az_gap_ok': False} | Mw 3.85 < 5.0 and predicted displacement 0.00 cm < 1 cm",grade_D;too_small_no_disp,v3
2025p806773,2025-10-26T12:08:40.296Z,4.48,4.52,38.0,D,49.9,12.3,7,0.004,"quality grade D (email requires A or B): {'min_stations': True, 'vr_floor': False, 'az_gap_ok': True} | Mw 4.52 < 5.0 and predicted displacement 0.00 cm < 1 cm",grade_D;too_small_no_disp,v3
2025p809410,2025-10-27T11:33:44.441Z,3.71,4.48,42.0,D,9.5,62.6,3,0.001,"quality grade D (email requires A or B): {'min_stations': True, 'vr_floor': False, 'az_gap_ok': False} | Mw 4.48 < 5.0 and predicted displacement 0.00 cm < 1 cm",grade_D;too_small_no_disp,v3
2025p814340,2025-10-29T07:20:32.854Z,5.29,4.78,22.0,C,52.5,46.4,3,0.021,"quality grade C (email requires A or B): {'min_stations': True, 'vr_floor': True, 'az_gap_ok': False} | Mw 4.78 < 5.0 and predicted displacement 0.02 cm < 1 cm",grade_C;too_small_no_disp,v3
2025p821711,2025-11-01T00:47:37.285Z,4.85,4.29,10.0,A,74.5,52.1,7,0.008,Mw 4.29 < 5.0 and predicted displacement 0.01 cm < 1 cm,too_small_no_disp,v3
2025p836054,2025-11-06T08:09:54.318Z,4.94,4.36,20.0,D,48.2,36.8,7,0.006,"quality grade D (email requires A or B): {'min_stations': True, 'vr_floor': False, 'az_gap_ok': True} | Mw 4.36 < 5.0 and predicted displacement 0.01 cm < 1 cm",grade_D;too_small_no_disp,v3
2025p871278,2025-11-19T08:57:01.176Z,3.89,4.33,24.0,D,25.3,76.5,3,0.003,"quality grade D (email requires A or B): {'min_stations': True, 'vr_floor': False, 'az_gap_ok': False} | Mw 4.33 < 5.0 and predicted displacement 0.00 cm < 1 cm",grade_D;too_small_no_disp,v3
2025p876446,2025-11-21T06:50:52.446Z,3.97,3.47,10.0,D,41.8,76.9,4,0.001,"quality grade D (email requires A or B): {'min_stations': True, 'vr_floor': False, 'az_gap_ok': False} | Mw 3.47 < 5.0 and predicted displacement 0.00 cm < 1 cm",grade_D;too_small_no_disp,v3
2025p881688,2025-11-23T05:23:49.584Z,3.78,3.71,26.0,D,8.6,63.3,3,0.0,"quality grade D (email requires A or B): {'min_stations': True, 'vr_floor': False, 'az_gap_ok': True} | Mw 3.71 < 5.0 and predicted displacement 0.00 cm < 1 cm",grade_D;too_small_no_disp,v3
2025p888045,2025-11-25T13:50:43.291Z,3.7,3.88,26.0,D,39.1,88.0,3,0.001,"quality grade D (email requires A or B): {'min_stations': True, 'vr_floor': False, 'az_gap_ok': False} | Mw 3.88 < 5.0 and predicted displacement 0.00 cm < 1 cm",grade_D;too_small_no_disp,v3
2025p910674,2025-12-03T22:47:13.676Z,4.78,4.49,7.0,C,55.5,91.4,7,0.067,"quality grade C (email requires A or B): {'min_stations': True, 'vr_floor': True, 'az_gap_ok': True} | Mw 4.49 < 5.0 and predicted displacement 0.07 cm < 1 cm",grade_C;too_small_no_disp,v3
2025p910731,2025-12-03T23:17:43.790Z,4.33,4.26,18.0,C,54.7,60.8,7,0.007,"quality grade C (email requires A or B): {'min_stations': True, 'vr_floor': True, 'az_gap_ok': True} | Mw 4.26 < 5.0 and predicted displacement 0.01 cm < 1 cm",grade_C;too_small_no_disp,v3
2025p916741,2025-12-06T04:39:43.090Z,3.77,3.24,1.5,D,10.2,93.3,3,0.027,"quality grade D (email requires A or B): {'min_stations': True, 'vr_floor': False, 'az_gap_ok': True} | Mw 3.24 < 5.0 and predicted displacement 0.03 cm < 1 cm",grade_D;too_small_no_disp,v3
2025p939956,2025-12-14T18:48:34.265Z,3.89,4.13,22.0,D,27.5,57.0,4,0.002,"quality grade D (email requires A or B): {'min_stations': True, 'vr_floor': False, 'az_gap_ok': False} | Mw 4.13 < 5.0 and predicted displacement 0.00 cm < 1 cm",grade_D;too_small_no_disp,v3
2025p941901,2025-12-15T12:05:08.763Z,4.35,4.09,34.0,D,34.2,66.2,8,0.001,"quality grade D (email requires A or B): {'min_stations': True, 'vr_floor': False, 'az_gap_ok': True} | Mw 4.09 < 5.0 and predicted displacement 0.00 cm < 1 cm",grade_D;too_small_no_disp,v3
2025p956761,2025-12-21T00:02:12.135Z,4.04,3.66,30.0,D,6.2,96.8,3,0.0,"quality grade D (email requires A or B): {'min_stations': True, 'vr_floor': False, 'az_gap_ok': False} | Mw 3.66 < 5.0 and predicted displacement 0.00 cm < 1 cm",grade_D;too_small_no_disp,v3
2025p969626,2025-12-25T18:16:50.734Z,4.72,4.81,54.0,D,30.5,22.1,6,0.005,"quality grade D (email requires A or B): {'min_stations': True, 'vr_floor': False, 'az_gap_ok': True} | Mw 4.81 < 5.0 and predicted displacement 0.01 cm < 1 cm",grade_D;too_small_no_disp,v3
2025p970619,2025-12-26T03:06:02.392Z,3.73,3.83,34.0,D,15.8,56.4,3,0.0,"quality grade D (email requires A or B): {'min_stations': True, 'vr_floor': False, 'az_gap_ok': True} | Mw 3.83 < 5.0 and predicted displacement 0.00 cm < 1 cm",grade_D;too_small_no_disp,v3
2025p975688,2025-12-28T00:06:43.462Z,3.98,3.59,58.0,D,15.3,35.2,3,0.0,"quality grade D (email requires A or B): {'min_stations': True, 'vr_floor': False, 'az_gap_ok': True} | Mw 3.59 < 5.0 and predicted displacement 0.00 cm < 1 cm",grade_D;too_small_no_disp,v3
2026p033598,2026-01-13T10:21:33.376Z,4.58,4.27,5.0,D,39.8,89.5,6,0.024,"quality grade D (email requires A or B): {'min_stations': True, 'vr_floor': False, 'az_gap_ok': True} | Mw 4.27 < 5.0 and predicted displacement 0.02 cm < 1 cm | daily cap 3 reached",grade_D;too_small_no_disp;daily_cap,v3
2026p040265,2026-01-15T21:33:23.311Z,4.35,4.04,1.0,D,41.0,58.1,5,1.113,"quality grade D (email requires A or B): {'min_stations': True, 'vr_floor': False, 'az_gap_ok': False} | daily cap 3 reached",,v3
2026p047833,2026-01-18T16:45:10.278Z,5.68,5.38,3.0,C,29.6,94.6,3,6.487,"quality grade C (email requires A or B): {'vr_grade': False, 'dc_floor': True, 'jackknife_stable': True, 'min_stations': True}",grade_C,v5
2026p051624,2026-01-20T02:26:01.873Z,3.72,4.57,46.0,D,16.2,88.0,3,0.003,"quality grade D (email requires A or B): {'min_stations': True, 'vr_floor': False, 'az_gap_ok': False} | Mw 4.57 < 5.0 and predicted displacement 0.00 cm < 1 cm",grade_D;too_small_no_disp,v3
2026p054819,2026-01-21T06:47:22.956Z,4.3,4.17,4.5,C,51.0,95.5,2,0.059,"quality grade C (email requires A or B): {'min_stations': False, 'vr_floor': True, 'az_gap_ok': False} | Mw 4.17 < 5.0 and predicted displacement 0.06 cm < 1 cm | daily cap 3 reached",,v3
2026p060826,2026-01-23T12:07:52.234Z,4.37,4.0,22.0,C,31.3,55.2,4,0.002,"quality grade C (email requires A or B): {'vr_grade': False, 'dc_floor': False, 'jackknife_stable': True, 'min_stations': True} | Mw 4.00 < 5.0 and predicted displacement 0.00 cm < 1 cm",grade_C;too_small_no_disp,v5
2026p062136,2026-01-23T23:46:28.249Z,3.88,4.6,58.0,D,25.4,97.5,3,0.001,"quality grade D (email requires A or B): {'min_stations': True, 'vr_floor': False, 'az_gap_ok': True} | Mw 4.60 < 5.0 and predicted displacement 0.00 cm < 1 cm",grade_D;too_small_no_disp,v3
2026p062367,2026-01-24T01:49:29.314Z,3.92,,,X,,,0,,only 1 usable stations (minimum 3),no_coherent_solution,v5
2026p067727,2026-01-26T01:25:57.567Z,3.71,5.34,38.0,D,29.9,30.7,3,0.02,"quality grade D (email requires A or B): {'min_stations': True, 'vr_floor': False, 'az_gap_ok': True}",grade_D,v3
2026p070370,2026-01-27T00:53:34.105Z,4.5,4.01,20.0,D,41.1,60.4,8,0.002,"quality grade D (email requires A or B): {'min_stations': True, 'vr_floor': False, 'az_gap_ok': True} | Mw 4.01 < 5.0 and predicted displacement 0.00 cm < 1 cm | daily cap 3 reached",grade_D;too_small_no_disp;daily_cap,v3
2026p087416,2026-02-02T08:15:37.715Z,5.61,5.22,9.0,A,66.4,86.5,5,0.541,passed all publication gates,,v5
2026p087426,2026-02-02T08:20:33.484Z,4.08,,,X,,,0,,only 0 usable stations (minimum 3),no_coherent_solution,v5
2026p091845,2026-02-03T23:35:31.322Z,4.36,4.08,12.0,B,68.1,98.8,3,0.005,Mw 4.08 < 5.0 and predicted displacement 0.00 cm < 1 cm | daily cap 3 reached,too_small_no_disp;daily_cap,v3
2026p095507,2026-02-05T08:06:15.042Z,3.75,,,X,,,0,,only 1 usable stations (minimum 3),no_coherent_solution,v5
2026p101368,2026-02-07T12:09:21.389Z,4.4,3.76,38.0,C,41.4,95.8,3,0.0,"quality grade C (email requires A or B): {'vr_grade': False, 'dc_floor': True, 'jackknife_stable': True, 'min_stations': True} | Mw 3.76 < 5.0 and predicted displacement 0.00 cm < 1 cm",grade_C;too_small_no_disp,v5
2026p110491,2026-02-10T21:09:39.384Z,3.77,4.24,3.5,D,19.7,26.3,3,0.135,"quality grade D (email requires A or B): {'min_stations': True, 'vr_floor': False, 'az_gap_ok': True} | Mw 4.24 < 5.0 and predicted displacement 0.14 cm < 1 cm",grade_D;too_small_no_disp,v3
2026p111636,2026-02-11T07:19:46.478Z,4.03,,,X,,,0,,only 2 usable stations (minimum 3),no_coherent_solution,v5
2026p125149,2026-02-16T07:19:14.315Z,4.39,3.99,14.0,C,33.3,44.8,3,0.003,"quality grade C (email requires A or B): {'vr_grade': False, 'dc_floor': False, 'jackknife_stable': True, 'min_stations': True} | Mw 3.99 < 5.0 and predicted displacement 0.00 cm < 1 cm",grade_C;too_small_no_disp,v5
2026p125819,2026-02-16T13:16:31.124Z,4.9,4.67,3.0,C,78.0,50.8,4,0.79,"quality grade C (email requires A or B): {'vr_grade': True, 'dc_floor': False, 'jackknife_stable': True, 'min_stations': True} | Mw 4.67 < 5.0 and predicted displacement 0.79 cm < 1 cm",grade_C;too_small_no_disp,v5
2026p140531,2026-02-21T23:54:59.959Z,5.38,4.95,1.0,B,51.7,63.4,7,5.319,passed all publication gates,,v5
2026p141561,2026-02-22T09:02:39.625Z,4.56,3.98,26.0,C,22.9,73.3,3,0.001,"quality grade C (email requires A or B): {'vr_grade': False, 'dc_floor': True, 'jackknife_stable': True, 'min_stations': True} | Mw 3.98 < 5.0 and predicted displacement 0.00 cm < 1 cm",grade_C;too_small_no_disp,v5
2026p166207,2026-03-03T11:55:09.152Z,5.56,5.15,24.0,D,18.8,35.1,3,0.053,"quality grade D (email requires A or B): {'vr_grade': False, 'dc_floor': False, 'jackknife_stable': True, 'min_stations': True}",grade_D,v5
2026p189537,2026-03-12T03:05:32.623Z,4.28,4.29,46.0,D,17.0,85.8,3,0.001,"quality grade D (email requires A or B): {'min_stations': True, 'vr_floor': False, 'az_gap_ok': True} | Mw 4.29 < 5.0 and predicted displacement 0.00 cm < 1 cm | daily cap 3 reached",grade_D;too_small_no_disp;daily_cap,v3
2026p209389,2026-03-19T11:22:46.352Z,3.7,3.51,3.5,B,66.7,69.3,8,0.005,Mw 3.51 < 5.0 and predicted displacement 0.01 cm < 1 cm,too_small_no_disp,v3
2026p216882,2026-03-22T05:54:46.663Z,4.03,3.63,2.5,C,52.0,99.1,4,0.019,"quality grade C (email requires A or B): {'min_stations': True, 'vr_floor': True, 'az_gap_ok': True} | Mw 3.63 < 5.0 and predicted displacement 0.02 cm < 1 cm | daily cap 3 reached",grade_C;too_small_no_disp;daily_cap,v3
2026p216888,2026-03-22T05:58:06.789Z,3.86,4.2,6.0,D,36.3,35.8,3,0.033,"quality grade D (email requires A or B): {'min_stations': True, 'vr_floor': False, 'az_gap_ok': False} | Mw 4.20 < 5.0 and predicted displacement 0.03 cm < 1 cm",grade_D;too_small_no_disp,v3
2026p221690,2026-03-24T00:36:33.268Z,4.27,3.77,8.0,B,69.8,65.5,4,0.004,Mw 3.77 < 5.0 and predicted displacement 0.00 cm < 1 cm | daily cap 3 reached,too_small_no_disp;daily_cap,v3
2026p238013,2026-03-30T01:33:41.402Z,4.09,3.82,14.0,D,24.9,96.2,6,0.002,"quality grade D (email requires A or B): {'min_stations': True, 'vr_floor': False, 'az_gap_ok': True} | Mw 3.82 < 5.0 and predicted displacement 0.00 cm < 1 cm | daily cap 3 reached",grade_D;too_small_no_disp;daily_cap,v3
2026p241703,2026-03-31T10:19:26.326Z,3.72,3.95,50.0,D,17.3,58.6,3,0.0,"quality grade D (email requires A or B): {'min_stations': True, 'vr_floor': False, 'az_gap_ok': True} | Mw 3.95 < 5.0 and predicted displacement 0.00 cm < 1 cm",grade_D;too_small_no_disp,v3
2026p261079,2026-04-07T14:23:17.427Z,3.8,4.03,46.0,D,11.5,68.5,3,0.0,"quality grade D (email requires A or B): {'min_stations': True, 'vr_floor': False, 'az_gap_ok': True} | Mw 4.03 < 5.0 and predicted displacement 0.00 cm < 1 cm",grade_D;too_small_no_disp,v3
2026p279932,2026-04-14T13:48:06.113Z,3.83,3.96,28.0,D,25.5,90.8,5,0.001,"quality grade D (email requires A or B): {'min_stations': True, 'vr_floor': False, 'az_gap_ok': True} | Mw 3.96 < 5.0 and predicted displacement 0.00 cm < 1 cm",grade_D;too_small_no_disp,v3
2026p283255,2026-04-15T19:18:16.783Z,4.32,3.87,5.0,D,48.0,74.6,10,0.014,"quality grade D (email requires A or B): {'min_stations': True, 'vr_floor': False, 'az_gap_ok': True} | Mw 3.87 < 5.0 and predicted displacement 0.01 cm < 1 cm | daily cap 3 reached",grade_D;too_small_no_disp;daily_cap,v3
2026p298950,2026-04-21T14:41:04.891Z,3.99,3.76,30.0,C,57.4,44.5,5,0.0,"quality grade C (email requires A or B): {'min_stations': True, 'vr_floor': True, 'az_gap_ok': True} | Mw 3.76 < 5.0 and predicted displacement 0.00 cm < 1 cm",grade_C;too_small_no_disp,v3
2026p300334,2026-04-22T02:58:23.573Z,4.56,4.36,4.5,B,79.8,96.4,3,0.109,Mw 4.36 < 5.0 and predicted displacement 0.11 cm < 1 cm,too_small_no_disp,v5
2026p302182,2026-04-22T19:22:40.079Z,3.72,,,X,,,0,,only 0 usable stations (minimum 3),no_coherent_solution,v5
2026p307408,2026-04-24T17:47:09.975Z,3.87,,,X,,,0,,only 2 usable stations (minimum 3),no_coherent_solution,v5
2026p311006,2026-04-26T01:44:08.920Z,3.77,3.94,58.0,D,8.6,76.7,4,0.0,"quality grade D (email requires A or B): {'min_stations': True, 'vr_floor': False, 'az_gap_ok': True} | Mw 3.94 < 5.0 and predicted displacement 0.00 cm < 1 cm",grade_D;too_small_no_disp,v3
2026p328744,2026-05-02T15:15:18.162Z,3.99,3.94,42.0,D,6.8,99.2,3,0.0,"quality grade D (email requires A or B): {'min_stations': True, 'vr_floor': False, 'az_gap_ok': True} | Mw 3.94 < 5.0 and predicted displacement 0.00 cm < 1 cm",grade_D;too_small_no_disp,v3
2026p335889,2026-05-05T06:42:10.578Z,4.24,4.64,7.0,B,60.7,75.7,6,0.172,Mw 4.64 < 5.0 and predicted displacement 0.17 cm < 1 cm | daily cap 3 reached,too_small_no_disp;daily_cap,v3
2026p336037,2026-05-05T08:00:41.603Z,5.4,5.67,6.0,B,69.5,73.9,7,6.055,daily cap 3 reached,daily_cap,v3
2026p336046,2026-05-05T08:05:39.919Z,4.22,5.01,4.0,D,24.4,61.8,4,1.32,"quality grade D (email requires A or B): {'min_stations': True, 'vr_floor': False, 'az_gap_ok': False} | daily cap 3 reached",grade_D;daily_cap,v3
2026p336118,2026-05-05T08:43:44.663Z,4.88,5.04,20.0,C,57.6,32.8,4,0.064,"quality grade C (email requires A or B): {'min_stations': True, 'vr_floor': True, 'az_gap_ok': False} | daily cap 3 reached",grade_C;daily_cap,v3
2026p336129,2026-05-05T08:49:37.470Z,4.23,4.39,7.0,C,57.5,98.3,4,0.069,"quality grade C (email requires A or B): {'min_stations': True, 'vr_floor': True, 'az_gap_ok': False} | Mw 4.39 < 5.0 and predicted displacement 0.07 cm < 1 cm | daily cap 3 reached",grade_C;too_small_no_disp;daily_cap,v3
2026p336219,2026-05-05T09:37:39.694Z,4.52,4.56,3.0,B,68.8,52.4,6,0.659,Mw 4.56 < 5.0 and predicted displacement 0.66 cm < 1 cm | daily cap 3 reached,too_small_no_disp;daily_cap,v3
2026p336544,2026-05-05T12:31:07.370Z,4.03,4.09,1.5,C,54.2,73.0,9,0.431,"quality grade C (email requires A or B): {'min_stations': True, 'vr_floor': True, 'az_gap_ok': True} | Mw 4.09 < 5.0 and predicted displacement 0.43 cm < 1 cm | daily cap 3 reached",grade_C;too_small_no_disp;daily_cap,v3
2026p337070,2026-05-05T17:10:55.630Z,4.15,4.41,9.0,B,62.3,54.6,7,0.048,Mw 4.41 < 5.0 and predicted displacement 0.05 cm < 1 cm | daily cap 3 reached,too_small_no_disp;daily_cap,v3
2026p337073,2026-05-05T17:12:42.727Z,4.07,4.33,28.0,D,31.9,98.0,3,0.004,"quality grade D (email requires A or B): {'min_stations': True, 'vr_floor': False, 'az_gap_ok': False} | Mw 4.33 < 5.0 and predicted displacement 0.00 cm < 1 cm | daily cap 3 reached",grade_D;too_small_no_disp;daily_cap,v3
2026p338701,2026-05-06T07:40:07.284Z,4.43,4.49,9.0,C,60.0,56.2,6,0.065,"quality grade C (email requires A or B): {'min_stations': True, 'vr_floor': True, 'az_gap_ok': True} | Mw 4.49 < 5.0 and predicted displacement 0.06 cm < 1 cm | daily cap 3 reached",grade_C;too_small_no_disp;daily_cap,v3
2026p345260,2026-05-08T17:54:44.414Z,4.39,4.59,4.5,C,52.8,99.8,7,0.343,"quality grade C (email requires A or B): {'min_stations': True, 'vr_floor': True, 'az_gap_ok': True} | Mw 4.59 < 5.0 and predicted displacement 0.34 cm < 1 cm | daily cap 3 reached",grade_C;too_small_no_disp;daily_cap,v3
2026p345918,2026-05-08T23:45:09.664Z,4.03,4.22,4.5,C,54.9,96.2,5,0.084,"quality grade C (email requires A or B): {'min_stations': True, 'vr_floor': True, 'az_gap_ok': True} | Mw 4.22 < 5.0 and predicted displacement 0.08 cm < 1 cm | daily cap 3 reached",grade_C;too_small_no_disp;daily_cap,v3
2026p348732,2026-05-10T00:44:25.130Z,4.13,4.89,58.0,D,20.0,54.7,3,0.003,"quality grade D (email requires A or B): {'min_stations': True, 'vr_floor': False, 'az_gap_ok': False} | Mw 4.89 < 5.0 and predicted displacement 0.00 cm < 1 cm | daily cap 3 reached",grade_D;too_small_no_disp;daily_cap,v3
2026p355073,2026-05-12T09:02:57.943Z,4.12,3.73,18.0,D,20.6,92.8,4,0.001,"quality grade D (email requires A or B): {'min_stations': True, 'vr_floor': False, 'az_gap_ok': True} | Mw 3.73 < 5.0 and predicted displacement 0.00 cm < 1 cm | daily cap 3 reached",grade_D;too_small_no_disp;daily_cap,v3
2026p357402,2026-05-13T05:44:02.149Z,4.14,4.79,58.0,D,35.2,75.7,3,0.003,"quality grade D (email requires A or B): {'min_stations': True, 'vr_floor': False, 'az_gap_ok': False} | Mw 4.79 < 5.0 and predicted displacement 0.00 cm < 1 cm | daily cap 3 reached",grade_D;too_small_no_disp;daily_cap,v3
2026p365604,2026-05-16T06:34:14.213Z,4.42,4.13,3.5,D,31.7,50.2,5,0.079,"quality grade D (email requires A or B): {'min_stations': True, 'vr_floor': False, 'az_gap_ok': True} | Mw 4.13 < 5.0 and predicted displacement 0.08 cm < 1 cm | daily cap 3 reached",grade_D;too_small_no_disp;daily_cap,v3
2026p367944,2026-05-17T03:20:39.835Z,4.47,4.46,38.0,D,14.9,82.2,4,0.002,"quality grade D (email requires A or B): {'min_stations': True, 'vr_floor': False, 'az_gap_ok': False} | Mw 4.46 < 5.0 and predicted displacement 0.00 cm < 1 cm | daily cap 3 reached",grade_D;too_small_no_disp;daily_cap,v3
2026p368799,2026-05-17T10:56:16.957Z,4.13,3.74,7.0,D,7.6,71.6,3,0.006,"quality grade D (email requires A or B): {'vr_grade': False, 'dc_floor': True, 'jackknife_stable': True, 'min_stations': True} | Mw 3.74 < 5.0 and predicted displacement 0.01 cm < 1 cm",grade_D;too_small_no_disp,v5
2026p385521,2026-05-23T15:25:40.470Z,4.25,4.23,30.0,D,37.1,86.2,3,0.002,"quality grade D (email requires A or B): {'min_stations': True, 'vr_floor': False, 'az_gap_ok': False} | Mw 4.23 < 5.0 and predicted displacement 0.00 cm < 1 cm | daily cap 3 reached",grade_D;too_small_no_disp;daily_cap,v3
2026p396935,2026-05-27T20:46:57.269Z,5.04,4.43,3.5,D,38.2,50.9,4,0.325,"quality grade D (email requires A or B): {'min_stations': True, 'vr_floor': False, 'az_gap_ok': False} | Mw 4.43 < 5.0 and predicted displacement 0.33 cm < 1 cm | daily cap 3 reached",grade_D;too_small_no_disp;daily_cap,v3
2026p402583,2026-05-29T22:56:31.599Z,4.72,4.19,12.0,D,41.7,26.5,5,0.01,"quality grade D (email requires A or B): {'min_stations': True, 'vr_floor': False, 'az_gap_ok': True} | Mw 4.19 < 5.0 and predicted displacement 0.01 cm < 1 cm | daily cap 3 reached",grade_D;too_small_no_disp;daily_cap,v3
2026p421208,2026-06-05T20:20:05.780Z,4.52,4.43,1.5,C,58.6,97.9,3,1.577,"quality grade C (email requires A or B): {'vr_grade': False, 'dc_floor': True, 'jackknife_stable': True, 'min_stations': True}",grade_C,v5
2026p428526,2026-06-08T13:19:05.502Z,4.88,4.44,3.0,A,80.2,98.8,6,0.181,Mw 4.44 < 5.0 and predicted displacement 0.18 cm < 1 cm | daily cap 3 reached,too_small_no_disp;daily_cap,v3
2026p449302,2026-06-16T05:48:21.749Z,3.76,4.24,58.0,D,9.5,66.3,3,0.0,"quality grade D (email requires A or B): {'min_stations': True, 'vr_floor': False, 'az_gap_ok': True} | Mw 4.24 < 5.0 and predicted displacement 0.00 cm < 1 cm",grade_D;too_small_no_disp,v3
2026p452668,2026-06-17T11:41:33.956Z,3.78,4.04,26.0,D,48.2,70.0,5,0.001,"quality grade D (email requires A or B): {'min_stations': True, 'vr_floor': False, 'az_gap_ok': False} | Mw 4.04 < 5.0 and predicted displacement 0.00 cm < 1 cm",grade_D;too_small_no_disp,v3
2026p455759,2026-06-18T15:08:38.730Z,4.2,3.92,3.0,B,52.5,98.5,6,0.063,Mw 3.92 < 5.0 and predicted displacement 0.06 cm < 1 cm | aftershock throttle: Mw 3.92 within 15 km of published 2026p660242 (Mw 5.03),too_small_no_disp;aftershock,v5
2026p458899,2026-06-19T19:01:41.329Z,4.1,,,X,,,0,,only 1 usable stations (minimum 3),no_coherent_solution,v5
2026p461272,2026-06-20T16:06:12.211Z,4.05,3.64,30.0,D,17.5,87.2,3,0.0,"quality grade D (email requires A or B): {'min_stations': True, 'vr_floor': False, 'az_gap_ok': False} | Mw 3.64 < 5.0 and predicted displacement 0.00 cm < 1 cm | daily cap 3 reached",grade_D;too_small_no_disp;daily_cap,v3
2026p495147,2026-07-03T04:54:48.824Z,4.0,4.21,30.0,D,18.3,82.0,3,0.002,"quality grade D (email requires A or B): {'min_stations': True, 'vr_floor': False, 'az_gap_ok': False} | Mw 4.21 < 5.0 and predicted displacement 0.00 cm < 1 cm",grade_D;too_small_no_disp,v3
2026p508890,2026-07-08T06:56:56.673Z,4.06,4.18,58.0,D,22.7,59.3,6,0.0,"quality grade D (email requires A or B): {'min_stations': True, 'vr_floor': False, 'az_gap_ok': True} | Mw 4.18 < 5.0 and predicted displacement 0.00 cm < 1 cm",grade_D;too_small_no_disp,v3
2026p510952,2026-07-09T01:15:13.931Z,3.85,4.84,50.0,D,5.0,65.9,3,0.006,"quality grade D (email requires A or B): {'min_stations': True, 'vr_floor': False, 'az_gap_ok': True} | Mw 4.84 < 5.0 and predicted displacement 0.01 cm < 1 cm",grade_D;too_small_no_disp,v3
2026p520391,2026-07-12T13:04:31.257Z,3.81,4.08,58.0,D,32.3,71.3,3,0.0,"quality grade D (email requires A or B): {'min_stations': True, 'vr_floor': False, 'az_gap_ok': True} | Mw 4.08 < 5.0 and predicted displacement 0.00 cm < 1 cm",grade_D;too_small_no_disp,v3
2026p520779,2026-07-12T16:31:07.662Z,4.7,4.41,50.0,D,23.3,28.7,6,0.001,"quality grade D (email requires A or B): {'min_stations': True, 'vr_floor': False, 'az_gap_ok': True} | Mw 4.41 < 5.0 and predicted displacement 0.00 cm < 1 cm",grade_D;too_small_no_disp,v3
2026p528370,2026-07-15T11:55:42.862Z,3.76,3.76,20.0,D,16.0,49.5,4,0.0,"quality grade D (email requires A or B): {'min_stations': True, 'vr_floor': False, 'az_gap_ok': True} | Mw 3.76 < 5.0 and predicted displacement 0.00 cm < 1 cm",grade_D;too_small_no_disp,v3
2026p530771,2026-07-16T09:14:53.863Z,6.33,5.74,58.0,A,68.0,99.7,13,0.078,passed all publication gates,,v5
2026p534917,2026-07-17T22:04:14.232Z,3.79,4.33,58.0,D,15.6,64.5,3,0.001,"quality grade D (email requires A or B): {'min_stations': True, 'vr_floor': False, 'az_gap_ok': False} | Mw 4.33 < 5.0 and predicted displacement 0.00 cm < 1 cm",grade_D;too_small_no_disp,v3
2026p546525,2026-07-22T05:08:56.144Z,3.9,,,X,,,0,,only 0 usable stations (minimum 3),no_coherent_solution,v5
2026p553250,2026-07-24T16:51:36.825Z,5.95,5.6,16.0,A,76.3,84.8,7,0.744,passed all publication gates,,v3
2026p557577,2026-07-26T07:17:16.967Z,4.24,4.23,9.0,C,33.4,88.9,3,0.015,"quality grade C (email requires A or B): {'vr_grade': False, 'dc_floor': True, 'jackknife_stable': True, 'min_stations': True} | Mw 4.23 < 5.0 and predicted displacement 0.02 cm < 1 cm",grade_C;too_small_no_disp,v5
2026p557613,2026-07-26T07:35:29.467Z,4.07,3.99,14.0,C,21.7,51.9,3,0.004,"quality grade C (email requires A or B): {'vr_grade': False, 'dc_floor': False, 'jackknife_stable': True, 'min_stations': True} | Mw 3.99 < 5.0 and predicted displacement 0.00 cm < 1 cm",grade_C;too_small_no_disp,v5
2026p577396,2026-08-02T15:16:58.903Z,3.94,,,X,,,0,,only 0 usable stations (minimum 3),no_coherent_solution,v5
2026p588884,2026-08-06T21:17:31.778Z,4.13,4.28,24.0,D,41.5,78.0,5,0.003,"quality grade D (email requires A or B): {'min_stations': True, 'vr_floor': False, 'az_gap_ok': False} | Mw 4.28 < 5.0 and predicted displacement 0.00 cm < 1 cm",grade_D;too_small_no_disp,v3
2026p598118,2026-08-10T07:17:28.476Z,4.7,4.31,58.0,C,59.3,97.9,6,0.001,"quality grade C (email requires A or B): {'min_stations': True, 'vr_floor': True, 'az_gap_ok': True} | Mw 4.31 < 5.0 and predicted displacement 0.00 cm < 1 cm",grade_C;too_small_no_disp,v3
2026p598855,2026-08-10T13:50:16.025Z,3.91,4.47,4.0,D,11.6,29.8,3,0.124,"quality grade D (email requires A or B): {'min_stations': True, 'vr_floor': False, 'az_gap_ok': True} | Mw 4.47 < 5.0 and predicted displacement 0.12 cm < 1 cm",grade_D;too_small_no_disp,v3
2026p600722,2026-08-11T06:25:08.204Z,4.08,4.28,5.0,A,80.6,83.6,8,0.099,Mw 4.28 < 5.0 and predicted displacement 0.10 cm < 1 cm,too_small_no_disp,v3
2026p639238,2026-08-25T12:26:29.984Z,4.8,4.17,5.0,A,59.5,98.6,12,0.047,Mw 4.17 < 5.0 and predicted displacement 0.05 cm < 1 cm | aftershock throttle: Mw 4.17 within 28 km of published 2026p660242 (Mw 5.03),too_small_no_disp;aftershock,v5
2026p660272,2026-09-02T07:12:41.676Z,4.79,4.22,4.0,A,60.6,84.1,12,0.068,Mw 4.22 < 5.0 and predicted displacement 0.07 cm < 1 cm | aftershock throttle: Mw 4.22 within 1 km of published 2026p660242 (Mw 5.03),too_small_no_disp;aftershock,v5
2026p660321,2026-09-02T07:39:03.476Z,4.56,4.12,6.0,A,79.4,84.9,6,0.012,Mw 4.12 < 5.0 and predicted displacement 0.01 cm < 1 cm | aftershock throttle: Mw 4.12 within 1 km of published 2026p660242 (Mw 5.03),too_small_no_disp;aftershock,v3
2026p660370,2026-09-02T08:05:29.181Z,3.76,3.94,58.0,D,33.0,98.2,3,0.0,"quality grade D (email requires A or B): {'min_stations': True, 'vr_floor': False, 'az_gap_ok': True} | Mw 3.94 < 5.0 and predicted displacement 0.00 cm < 1 cm | aftershock throttle: Mw 3.94 within 1 km of published 2026p660242 (Mw 5.03)",grade_D;too_small_no_disp;aftershock,v3
2026p665433,2026-09-04T05:03:06.265Z,4.64,4.18,2.0,B,81.6,97.1,6,0.449,Mw 4.18 < 5.0 and predicted displacement 0.45 cm < 1 cm | aftershock throttle: Mw 4.18 within 9 km of published 2026p660242 (Mw 5.03),too_small_no_disp;aftershock,v3
2026p665433,2026-09-04T05:03:09.001Z,4.63,4.15,2.0,A,77.3,96.7,8,0.394,Mw 4.15 < 5.0 and predicted displacement 0.39 cm < 1 cm | aftershock throttle: Mw 4.15 within 1 km of published 2026p660242 (Mw 5.03),too_small_no_disp;aftershock,v3
2026p666955,2026-09-04T18:34:01.803Z,4.93,4.7,50.0,C,67.1,67.1,12,0.004,"quality grade C (email requires A or B): {'vr_floor': True, 'no_passengers': True, 'az_pair_90': True, 'jackknife_stable': True, 'depth_interior': True, 'depth_agrees_with_geonet': False, 'dc_floor': True} | Mw 4.70 < 5.0 and predicted displacement 0.00 cm < 1 cm",grade_C;too_small_no_disp,v4
2026p669681,2026-09-05T18:46:10.095Z,4.19,3.7,6.0,C,50.8,97.2,4,0.004,"quality grade C (email requires A or B): {'vr_floor': True, 'no_passengers': True, 'az_pair_90': True, 'jackknife_stable': True, 'depth_interior': True, 'depth_agrees_with_geonet': True, 'dc_floor': True} | Mw 3.70 < 5.0 and predicted displacement 0.00 cm < 1 cm",grade_C;too_small_no_disp,v4
